Gene_num,Gene_name,NodeType
0,ABL1,Gene
1,ABL2,Gene
2,ACAA1,Gene
3,ACACA,Gene
4,ACACB,Gene
5,ACADL,Gene
6,ACADM,Gene
7,ACOX1,Gene
8,ACOX2,Gene
9,ACOX3,Gene
10,ACSBG1,Gene
11,ACSBG2,Gene
12,ACSL1,Gene
13,ACSL3,Gene
14,ACSL4,Gene
15,ACSL5,Gene
16,ACSL6,Gene
17,ACTA2,Gene
18,ACTB,Gene
19,ACTG1,Gene
20,ACVR1,Gene
21,ACVR1B,Gene
22,ACVR1C,Gene
23,ACVR2A,Gene
24,ACVR2B,Gene
25,ADAM17,Gene
26,ADCY1,Gene
27,ADCY10,Gene
28,ADCY2,Gene
29,ADCY3,Gene
30,ADCY4,Gene
31,ADCY5,Gene
32,ADCY6,Gene
33,ADCY7,Gene
34,ADCY8,Gene
35,ADCY9,Gene
36,ADCYAP1,Gene
37,ADCYAP1R1,Gene
38,ADIPOQ,Gene
39,ADIPOR1,Gene
40,ADIPOR2,Gene
41,ADORA1,Gene
42,ADORA2A,Gene
43,ADORA2B,Gene
44,ADORA3,Gene
45,ADRA1A,Gene
46,ADRA1B,Gene
47,ADRA1D,Gene
48,ADRA2A,Gene
49,ADRA2B,Gene
50,ADRA2C,Gene
51,ADRB1,Gene
52,ADRB2,Gene
53,ADRB3,Gene
54,AFP,Gene
55,AGAP2,Gene
56,AGER,Gene
57,AGRP,Gene
58,AGT,Gene
59,AGTR1,Gene
60,AIFM2,Gene
61,AIM2,Gene
62,AJUBA,Gene
63,AKT1,Gene
64,AKT1S1,Gene
65,AKT2,Gene
66,AKT3,Gene
67,ALDOA,Gene
68,ALDOB,Gene
69,ALDOC,Gene
70,AMH,Gene
71,AMHR2,Gene
72,AMOT,Gene
73,ANAPC5,Gene
74,ANGPT1,Gene
75,ANGPT2,Gene
76,ANGPT4,Gene
77,ANGPTL4,Gene
78,AOX1,Gene
79,APAF1,Gene
80,APBB1IP,Gene
81,APC,Gene
82,APC2,Gene
83,APH1A,Gene
84,APH1B,Gene
85,APLN,Gene
86,APLNR,Gene
87,APOA1,Gene
88,APOA2,Gene
89,APOA5,Gene
90,APOC3,Gene
91,AQP7,Gene
92,ARAF,Gene
93,ARAP3,Gene
94,AREG,Gene
95,ARF1,Gene
96,ARF6,Gene
97,ARHGDIA,Gene
98,ARHGDIB,Gene
99,ARHGEF12,Gene
100,ARNT,Gene
101,ARRB1,Gene
102,ARRB2,Gene
103,ASPH,Gene
104,ATF2,Gene
105,ATF4,Gene
106,ATF6B,Gene
107,ATG12,Gene
108,ATG16L1,Gene
109,ATG5,Gene
110,ATM,Gene
111,ATP1A1,Gene
112,ATP1A2,Gene
113,ATP1A3,Gene
114,ATP1A4,Gene
115,ATP1B1,Gene
116,ATP1B2,Gene
117,ATP1B3,Gene
118,ATP1B4,Gene
119,ATP2A1,Gene
120,ATP2A2,Gene
121,ATP2A3,Gene
122,ATP2B1,Gene
123,ATP2B2,Gene
124,ATP2B3,Gene
125,ATP2B4,Gene
126,ATP6V1A,Gene
127,ATP6V1B1,Gene
128,ATP6V1B2,Gene
129,ATP6V1C1,Gene
130,ATP6V1C2,Gene
131,ATP6V1D,Gene
132,ATP6V1E1,Gene
133,ATP6V1E2,Gene
134,ATP6V1F,Gene
135,ATP6V1G1,Gene
136,ATP6V1G2,Gene
137,ATP6V1G3,Gene
138,ATP6V1H,Gene
139,ATR,Gene
140,ATXN1,Gene
141,ATXN1L,Gene
142,AVP,Gene
143,AVPR1A,Gene
144,AVPR1B,Gene
145,AVPR2,Gene
146,AXIN1,Gene
147,AXIN2,Gene
148,AZI2,Gene
149,BAD,Gene
150,BAG4,Gene
151,BAMBI,Gene
152,BAX,Gene
153,BBC3,Gene
154,BCAR1,Gene
155,BCL10,Gene
156,BCL2,Gene
157,BCL2A1,Gene
158,BCL2L1,Gene
159,BCL2L11,Gene
160,BCL3,Gene
161,BCL6,Gene
162,BDKRB1,Gene
163,BDKRB2,Gene
164,BDNF,Gene
165,BECN1,Gene
166,BID,Gene
167,BIRC2,Gene
168,BIRC3,Gene
169,BIRC5,Gene
170,BLNK,Gene
171,BMP2,Gene
172,BMP4,Gene
173,BMP5,Gene
174,BMP6,Gene
175,BMP7,Gene
176,BMP8A,Gene
177,BMP8B,Gene
178,BMPR1A,Gene
179,BMPR1B,Gene
180,BMPR2,Gene
181,BNIP3,Gene
182,BOC,Gene
183,BRAF,Gene
184,BRAP,Gene
185,BRCA1,Gene
186,BRCC3,Gene
187,BTC,Gene
188,BTK,Gene
189,BTRC,Gene
190,CAB39,Gene
191,CAB39L,Gene
192,CACNA1A,Gene
193,CACNA1B,Gene
194,CACNA1C,Gene
195,CACNA1D,Gene
196,CACNA1E,Gene
197,CACNA1F,Gene
198,CACNA1G,Gene
199,CACNA1H,Gene
200,CACNA1I,Gene
201,CACNA1S,Gene
202,CACNA2D1,Gene
203,CACNA2D2,Gene
204,CACNA2D3,Gene
205,CACNA2D4,Gene
206,CACNB1,Gene
207,CACNB2,Gene
208,CACNB3,Gene
209,CACNB4,Gene
210,CACNG1,Gene
211,CACNG2,Gene
212,CACNG3,Gene
213,CACNG4,Gene
214,CACNG5,Gene
215,CACNG6,Gene
216,CACNG7,Gene
217,CACNG8,Gene
218,CACYBP,Gene
219,CALM1,Gene
220,CALM2,Gene
221,CALM3,Gene
222,CALML3,Gene
223,CALML4,Gene
224,CALML5,Gene
225,CALML6,Gene
226,CAMK1,Gene
227,CAMK1D,Gene
228,CAMK1G,Gene
229,CAMK2A,Gene
230,CAMK2B,Gene
231,CAMK2D,Gene
232,CAMK2G,Gene
233,CAMK4,Gene
234,CAMKK2,Gene
235,CAMP,Gene
236,CARD10,Gene
237,CARD11,Gene
238,CARD14,Gene
239,CARD16,Gene
240,CARD17,Gene
241,CARD18,Gene
242,CARD6,Gene
243,CARD8,Gene
244,CARD9,Gene
245,CASP1,Gene
246,CASP10,Gene
247,CASP12,Gene
248,CASP3,Gene
249,CASP4,Gene
250,CASP5,Gene
251,CASP7,Gene
252,CASP8,Gene
253,CASP9,Gene
254,CASQ1,Gene
255,CASQ2,Gene
256,CASR,Gene
257,CAT,Gene
258,CBL,Gene
259,CBLB,Gene
260,CCKAR,Gene
261,CCKBR,Gene
262,CCL1,Gene
263,CCL11,Gene
264,CCL13,Gene
265,CCL14,Gene
266,CCL15,Gene
267,CCL16,Gene
268,CCL18,Gene
269,CCL19,Gene
270,CCL2,Gene
271,CCL20,Gene
272,CCL21,Gene
273,CCL22,Gene
274,CCL23,Gene
275,CCL24,Gene
276,CCL25,Gene
277,CCL26,Gene
278,CCL27,Gene
279,CCL28,Gene
280,CCL3,Gene
281,CCL4,Gene
282,CCL5,Gene
283,CCL7,Gene
284,CCL8,Gene
285,CCNA1,Gene
286,CCNA2,Gene
287,CCNB1,Gene
288,CCNB2,Gene
289,CCNB3,Gene
290,CCND1,Gene
291,CCND2,Gene
292,CCND3,Gene
293,CCNE1,Gene
294,CCNE2,Gene
295,CCNG1,Gene
296,CCNG2,Gene
297,CCR1,Gene
298,CCR10,Gene
299,CCR2,Gene
300,CCR3,Gene
301,CCR4,Gene
302,CCR5,Gene
303,CCR6,Gene
304,CCR7,Gene
305,CCR8,Gene
306,CCR9,Gene
307,CD14,Gene
308,CD19,Gene
309,CD209,Gene
310,CD22,Gene
311,CD247,Gene
312,CD28,Gene
313,CD36,Gene
314,CD38,Gene
315,CD3E,Gene
316,CD4,Gene
317,CD40,Gene
318,CD40LG,Gene
319,CD72,Gene
320,CD79A,Gene
321,CD79B,Gene
322,CD80,Gene
323,CD82,Gene
324,CD86,Gene
325,CD8A,Gene
326,CD8B,Gene
327,CDC25B,Gene
328,CDC37,Gene
329,CDC42,Gene
330,CDH1,Gene
331,CDK1,Gene
332,CDK2,Gene
333,CDK4,Gene
334,CDK6,Gene
335,CDKN1A,Gene
336,CDKN1B,Gene
337,CDKN2A,Gene
338,CDKN2B,Gene
339,CDKN2D,Gene
340,CDON,Gene
341,CEBPB,Gene
342,CER1,Gene
343,CFLAR,Gene
344,CFTR,Gene
345,CGA,Gene
346,CHAD,Gene
347,CHD8,Gene
348,CHEK1,Gene
349,CHEK2,Gene
350,CHRD,Gene
351,CHRM1,Gene
352,CHRM2,Gene
353,CHRM3,Gene
354,CHRM5,Gene
355,CHRNA7,Gene
356,CHUK,Gene
357,CIR1,Gene
358,CISH,Gene
359,CLEC1B,Gene
360,CLEC4D,Gene
361,CLEC4E,Gene
362,CLEC4M,Gene
363,CLEC7A,Gene
364,CLIP1,Gene
365,CNGA1,Gene
366,CNGA2,Gene
367,CNGA3,Gene
368,CNGA4,Gene
369,CNGB1,Gene
370,CNGB3,Gene
371,CNR1,Gene
372,CNTF,Gene
373,CNTFR,Gene
374,COL1A1,Gene
375,COL1A2,Gene
376,COL2A1,Gene
377,COL3A1,Gene
378,COL4A1,Gene
379,COL4A2,Gene
380,COL4A3,Gene
381,COL4A4,Gene
382,COL4A5,Gene
383,COL4A6,Gene
384,COL6A1,Gene
385,COL6A2,Gene
386,COL6A3,Gene
387,COL6A5,Gene
388,COL6A6,Gene
389,COL9A1,Gene
390,COL9A2,Gene
391,COL9A3,Gene
392,COMP,Gene
393,CPT1A,Gene
394,CPT1B,Gene
395,CPT1C,Gene
396,CPT2,Gene
397,CREB1,Gene
398,CREB3,Gene
399,CREB3L1,Gene
400,CREB3L2,Gene
401,CREB3L3,Gene
402,CREB3L4,Gene
403,CREB5,Gene
404,CREBBP,Gene
405,CRK,Gene
406,CRKL,Gene
407,CRTC2,Gene
408,CSF1,Gene
409,CSF1R,Gene
410,CSF2,Gene
411,CSF2RB,Gene
412,CSF3,Gene
413,CSF3R,Gene
414,CSH1,Gene
415,CSH2,Gene
416,CSN2,Gene
417,CSNK1A1,Gene
418,CSNK1A1L,Gene
419,CSNK1D,Gene
420,CSNK1E,Gene
421,CSNK1G1,Gene
422,CSNK1G2,Gene
423,CSNK1G3,Gene
424,CSNK2A1,Gene
425,CSNK2A2,Gene
426,CSNK2B,Gene
427,CTBP1,Gene
428,CTBP2,Gene
429,CTF1,Gene
430,CTLA4,Gene
431,CTNNA1,Gene
432,CTNNA2,Gene
433,CTNNA3,Gene
434,CTNNB1,Gene
435,CTNNBIP1,Gene
436,CTNND1,Gene
437,CTNND2,Gene
438,CTSB,Gene
439,CTSD,Gene
440,CUL1,Gene
441,CUL3,Gene
442,CX3CL1,Gene
443,CX3CR1,Gene
444,CXCL1,Gene
445,CXCL10,Gene
446,CXCL11,Gene
447,CXCL12,Gene
448,CXCL13,Gene
449,CXCL14,Gene
450,CXCL16,Gene
451,CXCL2,Gene
452,CXCL3,Gene
453,CXCL5,Gene
454,CXCL6,Gene
455,CXCR1,Gene
456,CXCR2,Gene
457,CXCR3,Gene
458,CXCR4,Gene
459,CXCR5,Gene
460,CXCR6,Gene
461,CXXC4,Gene
462,CYBA,Gene
463,CYCS,Gene
464,CYLD,Gene
465,CYP17A1,Gene
466,CYP27A1,Gene
467,CYP7A1,Gene
468,CYP8B1,Gene
469,CYSLTR1,Gene
470,CYSLTR2,Gene
471,CYTH1,Gene
472,CYTH2,Gene
473,CYTH3,Gene
474,CYTH4,Gene
475,DAAM1,Gene
476,DAAM2,Gene
477,DAB2IP,Gene
478,DAPP1,Gene
479,DAXX,Gene
480,DBI,Gene
481,DCHS1,Gene
482,DCHS2,Gene
483,DCN,Gene
484,DDB2,Gene
485,DDIT3,Gene
486,DDIT4,Gene
487,DDX3X,Gene
488,DDX58,Gene
489,DEFB4A,Gene
490,DEFB4B,Gene
491,DEPDC5,Gene
492,DEPTOR,Gene
493,DHH,Gene
494,DHX33,Gene
495,DHX58,Gene
496,DIAPH1,Gene
497,DISP1,Gene
498,DKK1,Gene
499,DKK2,Gene
500,DKK4,Gene
501,DLG1,Gene
502,DLG2,Gene
503,DLG3,Gene
504,DLG4,Gene
505,DLG5,Gene
506,DLL1,Gene
507,DLL3,Gene
508,DLL4,Gene
509,DNM1L,Gene
510,DOCK2,Gene
511,DOCK4,Gene
512,DRD1,Gene
513,DRD2,Gene
514,DRD5,Gene
515,DTX1,Gene
516,DTX2,Gene
517,DTX3,Gene
518,DTX3L,Gene
519,DTX4,Gene
520,DUSP1,Gene
521,DUSP10,Gene
522,DUSP16,Gene
523,DUSP2,Gene
524,DUSP3,Gene
525,DUSP4,Gene
526,DUSP5,Gene
527,DUSP6,Gene
528,DUSP7,Gene
529,DUSP8,Gene
530,DUSP9,Gene
531,DVL1,Gene
532,DVL2,Gene
533,DVL3,Gene
534,E2F4,Gene
535,E2F5,Gene
536,EBAG9,Gene
537,ECSIT,Gene
538,EDA,Gene
539,EDA2R,Gene
540,EDAR,Gene
541,EDARADD,Gene
542,EDN1,Gene
543,EDN2,Gene
544,EDN3,Gene
545,EDNRA,Gene
546,EDNRB,Gene
547,EEF2,Gene
548,EEF2K,Gene
549,EFCAB7,Gene
550,EFNA1,Gene
551,EFNA2,Gene
552,EFNA3,Gene
553,EFNA5,Gene
554,EGF,Gene
555,EGFR,Gene
556,EGLN1,Gene
557,EGLN2,Gene
558,EGLN3,Gene
559,EGR1,Gene
560,EGR2,Gene
561,EGR3,Gene
562,EHHADH,Gene
563,EI24,Gene
564,EIF4B,Gene
565,EIF4E,Gene
566,EIF4E2,Gene
567,EIF4EBP1,Gene
568,ELAVL1,Gene
569,ELF5,Gene
570,ELK1,Gene
571,ELK4,Gene
572,ELMO1,Gene
573,ENAH,Gene
574,ENO1,Gene
575,ENO2,Gene
576,ENO3,Gene
577,ENO4,Gene
578,EP300,Gene
579,EPHA2,Gene
580,EPO,Gene
581,EPOR,Gene
582,ERBB2,Gene
583,ERBB3,Gene
584,ERBB4,Gene
585,EREG,Gene
586,ESR1,Gene
587,ESR2,Gene
588,ESRRB,Gene
589,ETS1,Gene
590,ETS2,Gene
591,EVC,Gene
592,EVC2,Gene
593,EVL,Gene
594,EXOC2,Gene
595,EXOC7,Gene
596,F2,Gene
597,F2R,Gene
598,F2RL3,Gene
599,F3,Gene
600,FABP1,Gene
601,FABP3,Gene
602,FABP4,Gene
603,FADD,Gene
604,FADS2,Gene
605,FARP2,Gene
606,FAS,Gene
607,FASLG,Gene
608,FASN,Gene
609,FAT4,Gene
610,FBP1,Gene
611,FBP2,Gene
612,FBXO25,Gene
613,FBXO32,Gene
614,FBXW11,Gene
615,FCER1A,Gene
616,FCER1G,Gene
617,FFAR2,Gene
618,FGF1,Gene
619,FGF10,Gene
620,FGF16,Gene
621,FGF17,Gene
622,FGF18,Gene
623,FGF19,Gene
624,FGF2,Gene
625,FGF20,Gene
626,FGF21,Gene
627,FGF22,Gene
628,FGF23,Gene
629,FGF3,Gene
630,FGF4,Gene
631,FGF5,Gene
632,FGF6,Gene
633,FGF7,Gene
634,FGF8,Gene
635,FGF9,Gene
636,FGFR1,Gene
637,FGFR2,Gene
638,FGFR3,Gene
639,FGFR4,Gene
640,FGR,Gene
641,FHL1,Gene
642,FLCN,Gene
643,FLNA,Gene
644,FLNB,Gene
645,FLNC,Gene
646,FLOT1,Gene
647,FLOT2,Gene
648,FLT1,Gene
649,FLT3,Gene
650,FLT3LG,Gene
651,FLT4,Gene
652,FMOD,Gene
653,FN1,Gene
654,FNIP1,Gene
655,FNIP2,Gene
656,FOS,Gene
657,FOSB,Gene
658,FOSL1,Gene
659,FOXO1,Gene
660,FOXO3,Gene
661,FOXO4,Gene
662,FPR1,Gene
663,FRAT1,Gene
664,FRAT2,Gene
665,FRMD1,Gene
666,FRMD6,Gene
667,FRS2,Gene
668,FSHB,Gene
669,FSHR,Gene
670,FST,Gene
671,FXYD1,Gene
672,FXYD2,Gene
673,FYN,Gene
674,FZD1,Gene
675,FZD10,Gene
676,FZD2,Gene
677,FZD3,Gene
678,FZD4,Gene
679,FZD5,Gene
680,FZD6,Gene
681,FZD7,Gene
682,FZD8,Gene
683,FZD9,Gene
684,G6PC2,Gene
685,G6PC3,Gene
686,GAB1,Gene
687,GAB2,Gene
688,GABARAP,Gene
689,GABARAPL1,Gene
690,GABARAPL2,Gene
691,GABBR1,Gene
692,GABBR2,Gene
693,GADD45A,Gene
694,GADD45B,Gene
695,GADD45G,Gene
696,GALT,Gene
697,GAPDH,Gene
698,GAS1,Gene
699,GATA4,Gene
700,GCG,Gene
701,GCK,Gene
702,GDF5,Gene
703,GDF6,Gene
704,GDF7,Gene
705,GDNF,Gene
706,GFAP,Gene
707,GH1,Gene
708,GH2,Gene
709,GHR,Gene
710,GHRL,Gene
711,GHSR,Gene
712,GIP,Gene
713,GIPR,Gene
714,GK,Gene
715,GK2,Gene
716,GLI1,Gene
717,GLI2,Gene
718,GLI3,Gene
719,GLP1R,Gene
720,GNA11,Gene
721,GNA12,Gene
722,GNA13,Gene
723,GNA14,Gene
724,GNA15,Gene
725,GNAI1,Gene
726,GNAI2,Gene
727,GNAI3,Gene
728,GNAL,Gene
729,GNAO1,Gene
730,GNAQ,Gene
731,GNAS,Gene
732,GNB1,Gene
733,GNB2,Gene
734,GNB3,Gene
735,GNB4,Gene
736,GNB5,Gene
737,GNG10,Gene
738,GNG11,Gene
739,GNG12,Gene
740,GNG13,Gene
741,GNG2,Gene
742,GNG3,Gene
743,GNG4,Gene
744,GNG5,Gene
745,GNG7,Gene
746,GNG8,Gene
747,GNGT1,Gene
748,GNGT2,Gene
749,GNRH1,Gene
750,GNRH2,Gene
751,GNRHR,Gene
752,GPC4,Gene
753,GPR119,Gene
754,GPR161,Gene
755,GPRC6A,Gene
756,GRAP2,Gene
757,GRB10,Gene
758,GRB2,Gene
759,GREM1,Gene
760,GREM2,Gene
761,GRIA1,Gene
762,GRIA2,Gene
763,GRIA3,Gene
764,GRIA4,Gene
765,GRIN1,Gene
766,GRIN2A,Gene
767,GRIN2B,Gene
768,GRIN2C,Gene
769,GRIN2D,Gene
770,GRIN3A,Gene
771,GRIN3B,Gene
772,GRK1,Gene
773,GRK4,Gene
774,GRK5,Gene
775,GRK6,Gene
776,GRK7,Gene
777,GRM1,Gene
778,GRM2,Gene
779,GRM3,Gene
780,GRM4,Gene
781,GRM5,Gene
782,GRM6,Gene
783,GRM7,Gene
784,GRM8,Gene
785,GRPR,Gene
786,GSDMD,Gene
787,GSK3A,Gene
788,GSK3B,Gene
789,GTF2I,Gene
790,GTF2IRD1,Gene
791,GTSE1,Gene
792,GUCY1A2,Gene
793,GYS1,Gene
794,GYS2,Gene
795,HAMP,Gene
796,HBEGF,Gene
797,HCAR1,Gene
798,HCAR2,Gene
799,HCAR3,Gene
800,HCK,Gene
801,HCN2,Gene
802,HCN4,Gene
803,HDAC1,Gene
804,HDAC2,Gene
805,HDAC3,Gene
806,HDAC4,Gene
807,HDAC5,Gene
808,HES1,Gene
809,HES5,Gene
810,HEY1,Gene
811,HEY2,Gene
812,HEYL,Gene
813,HGF,Gene
814,HHAT,Gene
815,HHATL,Gene
816,HHIP,Gene
817,HIF1A,Gene
818,HK1,Gene
819,HK2,Gene
820,HK3,Gene
821,HKDC1,Gene
822,HMGCR,Gene
823,HMGCS1,Gene
824,HMGCS2,Gene
825,HMOX1,Gene
826,HNF4A,Gene
827,HOMER1,Gene
828,HOMER2,Gene
829,HOMER3,Gene
830,HRAS,Gene
831,HRC,Gene
832,HRH1,Gene
833,HRH2,Gene
834,HSP90AA1,Gene
835,HSP90AB1,Gene
836,HSPA1A,Gene
837,HSPA1B,Gene
838,HSPA1L,Gene
839,HSPA2,Gene
840,HSPA6,Gene
841,HSPA8,Gene
842,HSPB1,Gene
843,HTR1A,Gene
844,HTR1B,Gene
845,HTR1D,Gene
846,HTR1E,Gene
847,HTR1F,Gene
848,HTR2A,Gene
849,HTR2B,Gene
850,HTR2C,Gene
851,HTR4,Gene
852,HTR5A,Gene
853,HTR6,Gene
854,HTR7,Gene
855,IBSP,Gene
856,ICAM1,Gene
857,ICOS,Gene
858,ID1,Gene
859,ID2,Gene
860,ID3,Gene
861,ID4,Gene
862,IFI16,Gene
863,IFIH1,Gene
864,IFNA14,Gene
865,IFNA4,Gene
866,IFNA7,Gene
867,IFNA8,Gene
868,IFNAR1,Gene
869,IFNAR2,Gene
870,IFNG,Gene
871,IFNGR1,Gene
872,IFNGR2,Gene
873,IFNK,Gene
874,IGF1,Gene
875,IGF1R,Gene
876,IGF2,Gene
877,IGFBP3,Gene
878,IHH,Gene
879,IKBKB,Gene
880,IKBKE,Gene
881,IKBKG,Gene
882,IL10,Gene
883,IL10RA,Gene
884,IL10RB,Gene
885,IL11,Gene
886,IL11RA,Gene
887,IL12A,Gene
888,IL12B,Gene
889,IL12RB1,Gene
890,IL12RB2,Gene
891,IL13,Gene
892,IL13RA1,Gene
893,IL13RA2,Gene
894,IL15,Gene
895,IL15RA,Gene
896,IL17A,Gene
897,IL17B,Gene
898,IL17C,Gene
899,IL17D,Gene
900,IL17F,Gene
901,IL17RA,Gene
902,IL17RB,Gene
903,IL17RC,Gene
904,IL17RE,Gene
905,IL18,Gene
906,IL19,Gene
907,IL1A,Gene
908,IL1B,Gene
909,IL1R1,Gene
910,IL1RAP,Gene
911,IL2,Gene
912,IL20,Gene
913,IL20RA,Gene
914,IL20RB,Gene
915,IL21,Gene
916,IL21R,Gene
917,IL22,Gene
918,IL22RA1,Gene
919,IL22RA2,Gene
920,IL23A,Gene
921,IL23R,Gene
922,IL24,Gene
923,IL25,Gene
924,IL27RA,Gene
925,IL2RA,Gene
926,IL2RB,Gene
927,IL2RG,Gene
928,IL3,Gene
929,IL4,Gene
930,IL4R,Gene
931,IL5,Gene
932,IL5RA,Gene
933,IL6,Gene
934,IL6R,Gene
935,IL6ST,Gene
936,IL7,Gene
937,IL7R,Gene
938,IL9,Gene
939,ILK,Gene
940,INHBA,Gene
941,INHBB,Gene
942,INHBC,Gene
943,INHBE,Gene
944,INPP5A,Gene
945,INPP5D,Gene
946,INPPL1,Gene
947,INS,Gene
948,INSL3,Gene
949,INSL5,Gene
950,INSR,Gene
951,INVS,Gene
952,IQCE,Gene
953,IRAK1,Gene
954,IRAK2,Gene
955,IRAK3,Gene
956,IRAK4,Gene
957,IRF1,Gene
958,IRF3,Gene
959,IRF5,Gene
960,IRF7,Gene
961,IRF9,Gene
962,IRS1,Gene
963,IRS2,Gene
964,IRS4,Gene
965,ISG15,Gene
966,ITCH,Gene
967,ITGA1,Gene
968,ITGA10,Gene
969,ITGA11,Gene
970,ITGA2,Gene
971,ITGA2B,Gene
972,ITGA3,Gene
973,ITGA4,Gene
974,ITGA5,Gene
975,ITGA6,Gene
976,ITGA7,Gene
977,ITGA8,Gene
978,ITGA9,Gene
979,ITGAL,Gene
980,ITGAM,Gene
981,ITGAV,Gene
982,ITGB1,Gene
983,ITGB2,Gene
984,ITGB3,Gene
985,ITGB4,Gene
986,ITGB5,Gene
987,ITGB6,Gene
988,ITGB7,Gene
989,ITGB8,Gene
990,ITK,Gene
991,ITPKA,Gene
992,ITPKB,Gene
993,ITPKC,Gene
994,ITPR1,Gene
995,ITPR2,Gene
996,ITPR3,Gene
997,JAG1,Gene
998,JAG2,Gene
999,JAK1,Gene
1000,JAK2,Gene
1001,JAK3,Gene
1002,JUN,Gene
1003,JUND,Gene
1004,KAT2A,Gene
1005,KAT2B,Gene
1006,KCNJ12,Gene
1007,KCNJ14,Gene
1008,KCNJ2,Gene
1009,KCNJ3,Gene
1010,KCNJ4,Gene
1011,KCNJ5,Gene
1012,KCNJ6,Gene
1013,KCNJ8,Gene
1014,KCNJ9,Gene
1015,KCNMA1,Gene
1016,KCNMB1,Gene
1017,KCNMB2,Gene
1018,KCNMB3,Gene
1019,KCNMB4,Gene
1020,KCNU1,Gene
1021,KDR,Gene
1022,KIDINS220,Gene
1023,KIF3A,Gene
1024,KIF7,Gene
1025,KIT,Gene
1026,KITLG,Gene
1027,KLF2,Gene
1028,KLF4,Gene
1029,KNG1,Gene
1030,KRAS,Gene
1031,KRIT1,Gene
1032,KRT10,Gene
1033,KRT12,Gene
1034,KRT13,Gene
1035,KRT14,Gene
1036,KRT15,Gene
1037,KRT16,Gene
1038,KRT17,Gene
1039,KRT18,Gene
1040,KRT19,Gene
1041,KRT20,Gene
1042,KRT23,Gene
1043,KRT24,Gene
1044,KRT25,Gene
1045,KRT26,Gene
1046,KRT27,Gene
1047,KRT28,Gene
1048,KRT31,Gene
1049,KRT32,Gene
1050,KRT33A,Gene
1051,KRT33B,Gene
1052,KRT34,Gene
1053,KRT35,Gene
1054,KRT36,Gene
1055,KRT37,Gene
1056,KRT38,Gene
1057,KRT39,Gene
1058,KRT40,Gene
1059,KRT9,Gene
1060,KSR1,Gene
1061,KSR2,Gene
1062,LAMA1,Gene
1063,LAMA2,Gene
1064,LAMA3,Gene
1065,LAMA4,Gene
1066,LAMA5,Gene
1067,LAMB1,Gene
1068,LAMB2,Gene
1069,LAMB3,Gene
1070,LAMB4,Gene
1071,LAMC1,Gene
1072,LAMC2,Gene
1073,LAMC3,Gene
1074,LAMTOR1,Gene
1075,LAMTOR2,Gene
1076,LAMTOR3,Gene
1077,LAT,Gene
1078,LATS1,Gene
1079,LATS2,Gene
1080,LCK,Gene
1081,LCN2,Gene
1082,LCP2,Gene
1083,LDHA,Gene
1084,LDHAL6A,Gene
1085,LDHAL6B,Gene
1086,LDHB,Gene
1087,LDHC,Gene
1088,LEF1,Gene
1089,LEFTY1,Gene
1090,LEFTY2,Gene
1091,LEP,Gene
1092,LEPR,Gene
1093,LFNG,Gene
1094,LGR4,Gene
1095,LGR5,Gene
1096,LGR6,Gene
1097,LHB,Gene
1098,LHCGR,Gene
1099,LIF,Gene
1100,LIFR,Gene
1101,LILRA1,Gene
1102,LILRA2,Gene
1103,LILRA4,Gene
1104,LILRA5,Gene
1105,LILRA6,Gene
1106,LILRB1,Gene
1107,LILRB2,Gene
1108,LILRB3,Gene
1109,LILRB4,Gene
1110,LILRB5,Gene
1111,LIMD1,Gene
1112,LIPE,Gene
1113,LLGL1,Gene
1114,LLGL2,Gene
1115,LPAR1,Gene
1116,LPAR2,Gene
1117,LPAR3,Gene
1118,LPAR4,Gene
1119,LPAR5,Gene
1120,LPAR6,Gene
1121,LPIN1,Gene
1122,LPIN2,Gene
1123,LPIN3,Gene
1124,LPL,Gene
1125,LRP2,Gene
1126,LRP5,Gene
1127,LRP6,Gene
1128,LTA,Gene
1129,LTB,Gene
1130,LTB4R2,Gene
1131,LTBP1,Gene
1132,LTBR,Gene
1133,LY96,Gene
1134,LYN,Gene
1135,MAGED1,Gene
1136,MAGI1,Gene
1137,MAGI2,Gene
1138,MAGI3,Gene
1139,MALT1,Gene
1140,MAML1,Gene
1141,MAML2,Gene
1142,MAML3,Gene
1143,MAP2K1,Gene
1144,MAP2K2,Gene
1145,MAP2K3,Gene
1146,MAP2K4,Gene
1147,MAP2K5,Gene
1148,MAP2K6,Gene
1149,MAP2K7,Gene
1150,MAP3K1,Gene
1151,MAP3K11,Gene
1152,MAP3K12,Gene
1153,MAP3K13,Gene
1154,MAP3K14,Gene
1155,MAP3K2,Gene
1156,MAP3K3,Gene
1157,MAP3K4,Gene
1158,MAP3K5,Gene
1159,MAP3K6,Gene
1160,MAP3K7,Gene
1161,MAP3K8,Gene
1162,MAP4K1,Gene
1163,MAP4K2,Gene
1164,MAP4K3,Gene
1165,MAP4K4,Gene
1166,MAPK1,Gene
1167,MAPK10,Gene
1168,MAPK11,Gene
1169,MAPK12,Gene
1170,MAPK13,Gene
1171,MAPK14,Gene
1172,MAPK15,Gene
1173,MAPK3,Gene
1174,MAPK4,Gene
1175,MAPK6,Gene
1176,MAPK7,Gene
1177,MAPK8,Gene
1178,MAPK8IP1,Gene
1179,MAPK8IP2,Gene
1180,MAPK8IP3,Gene
1181,MAPK9,Gene
1182,MAPKAP1,Gene
1183,MAPKAPK2,Gene
1184,MAPKAPK3,Gene
1185,MAPKAPK5,Gene
1186,MAPT,Gene
1187,MATK,Gene
1188,MAVS,Gene
1189,MAX,Gene
1190,MC2R,Gene
1191,MCL1,Gene
1192,MCOLN1,Gene
1193,MCOLN2,Gene
1194,MCOLN3,Gene
1195,MDM2,Gene
1196,MDM4,Gene
1197,ME1,Gene
1198,ME3,Gene
1199,MECOM,Gene
1200,MED1,Gene
1201,MED12,Gene
1202,MED12L,Gene
1203,MED13,Gene
1204,MED13L,Gene
1205,MED14,Gene
1206,MED16,Gene
1207,MED17,Gene
1208,MED24,Gene
1209,MED27,Gene
1210,MED30,Gene
1211,MED4,Gene
1212,MEF2A,Gene
1213,MEF2B,Gene
1214,MEF2C,Gene
1215,MEF2D,Gene
1216,MEFV,Gene
1217,MEGF8,Gene
1218,MET,Gene
1219,MFN1,Gene
1220,MFN2,Gene
1221,MFNG,Gene
1222,MGRN1,Gene
1223,MIOS,Gene
1224,MKNK1,Gene
1225,MKNK2,Gene
1226,MLKL,Gene
1227,MLST8,Gene
1228,MLYCD,Gene
1229,MMP1,Gene
1230,MMP13,Gene
1231,MMP14,Gene
1232,MMP2,Gene
1233,MMP3,Gene
1234,MMP7,Gene
1235,MMP9,Gene
1236,MOB1A,Gene
1237,MOB1B,Gene
1238,MPL,Gene
1239,MRAS,Gene
1240,MS4A2,Gene
1241,MST1,Gene
1242,MST1R,Gene
1243,MTCP1,Gene
1244,MTOR,Gene
1245,MUC5AC,Gene
1246,MUC5B,Gene
1247,MYB,Gene
1248,MYC,Gene
1249,MYD88,Gene
1250,MYH6,Gene
1251,MYH7,Gene
1252,MYL2,Gene
1253,MYL3,Gene
1254,MYL4,Gene
1255,MYL6,Gene
1256,MYL6B,Gene
1257,MYL9,Gene
1258,MYLK,Gene
1259,MYLK2,Gene
1260,MYLK3,Gene
1261,MYLK4,Gene
1262,NAMPT,Gene
1263,NANOG,Gene
1264,NBL1,Gene
1265,NCK1,Gene
1266,NCK2,Gene
1267,NCOA2,Gene
1268,NCOA3,Gene
1269,NCOR1,Gene
1270,NCOR2,Gene
1271,NCSTN,Gene
1272,NEK7,Gene
1273,NEO1,Gene
1274,NF1,Gene
1275,NF2,Gene
1276,NFATC1,Gene
1277,NFATC2,Gene
1278,NFATC3,Gene
1279,NFATC4,Gene
1280,NFKB1,Gene
1281,NFKB2,Gene
1282,NFKBIA,Gene
1283,NFKBIB,Gene
1284,NFKBIE,Gene
1285,NGF,Gene
1286,NGFR,Gene
1287,NKD1,Gene
1288,NKD2,Gene
1289,NLK,Gene
1290,NLRC4,Gene
1291,NLRP1,Gene
1292,NLRP12,Gene
1293,NLRP3,Gene
1294,NLRP6,Gene
1295,NLRP7,Gene
1296,NLRX1,Gene
1297,NOD1,Gene
1298,NOD2,Gene
1299,NODAL,Gene
1300,NOG,Gene
1301,NOS1,Gene
1302,NOS2,Gene
1303,NOS3,Gene
1304,NOTCH1,Gene
1305,NOTCH2,Gene
1306,NOTCH3,Gene
1307,NOTCH4,Gene
1308,NOTUM,Gene
1309,NOX1,Gene
1310,NOX4,Gene
1311,NPPA,Gene
1312,NPPB,Gene
1313,NPPC,Gene
1314,NPR1,Gene
1315,NPR2,Gene
1316,NPRL2,Gene
1317,NPRL3,Gene
1318,NPY,Gene
1319,NPY1R,Gene
1320,NR1H3,Gene
1321,NR4A1,Gene
1322,NRAS,Gene
1323,NRF1,Gene
1324,NRG1,Gene
1325,NRG2,Gene
1326,NRG3,Gene
1327,NRG4,Gene
1328,NSMAF,Gene
1329,NTF3,Gene
1330,NTF4,Gene
1331,NTRK1,Gene
1332,NTRK2,Gene
1333,NTRK3,Gene
1334,NTSR1,Gene
1335,NUMB,Gene
1336,NUMBL,Gene
1337,OLR1,Gene
1338,OPRD1,Gene
1339,OPRM1,Gene
1340,ORAI1,Gene
1341,ORAI2,Gene
1342,ORAI3,Gene
1343,OSM,Gene
1344,OSMR,Gene
1345,OTUD5,Gene
1346,OXT,Gene
1347,OXTR,Gene
1348,P2RX1,Gene
1349,P2RX2,Gene
1350,P2RX3,Gene
1351,P2RX4,Gene
1352,P2RX5,Gene
1353,P2RX6,Gene
1354,P2RX7,Gene
1355,P2RY1,Gene
1356,PAK1,Gene
1357,PAK2,Gene
1358,PAK3,Gene
1359,PAK4,Gene
1360,PAK6,Gene
1361,PARD3,Gene
1362,PARD6A,Gene
1363,PARD6B,Gene
1364,PARD6G,Gene
1365,PCK1,Gene
1366,PCK2,Gene
1367,PDCD1,Gene
1368,PDE10A,Gene
1369,PDE1A,Gene
1370,PDE1B,Gene
1371,PDE1C,Gene
1372,PDE2A,Gene
1373,PDE3A,Gene
1374,PDE3B,Gene
1375,PDE4A,Gene
1376,PDE4B,Gene
1377,PDE4C,Gene
1378,PDE4D,Gene
1379,PDGFA,Gene
1380,PDGFB,Gene
1381,PDGFC,Gene
1382,PDGFD,Gene
1383,PDGFRA,Gene
1384,PDGFRB,Gene
1385,PDHA1,Gene
1386,PDHA2,Gene
1387,PDHB,Gene
1388,PDK1,Gene
1389,PDPK1,Gene
1390,PERP,Gene
1391,PF4,Gene
1392,PF4V1,Gene
1393,PFKFB1,Gene
1394,PFKFB2,Gene
1395,PFKFB3,Gene
1396,PFKFB4,Gene
1397,PFKL,Gene
1398,PFKM,Gene
1399,PFKP,Gene
1400,PFN1,Gene
1401,PFN2,Gene
1402,PFN3,Gene
1403,PFN4,Gene
1404,PGAM5,Gene
1405,PGF,Gene
1406,PGK1,Gene
1407,PGK2,Gene
1408,PGR,Gene
1409,PHKA1,Gene
1410,PHKA2,Gene
1411,PHKB,Gene
1412,PHKG1,Gene
1413,PHKG2,Gene
1414,PHLPP1,Gene
1415,PHLPP2,Gene
1416,PIAS1,Gene
1417,PIAS2,Gene
1418,PIAS3,Gene
1419,PIAS4,Gene
1420,PIK3AP1,Gene
1421,PIK3C3,Gene
1422,PIK3CA,Gene
1423,PIK3CB,Gene
1424,PIK3CD,Gene
1425,PIK3CG,Gene
1426,PIK3R1,Gene
1427,PIK3R2,Gene
1428,PIK3R3,Gene
1429,PIK3R4,Gene
1430,PIK3R5,Gene
1431,PIK3R6,Gene
1432,PIM1,Gene
1433,PIN1,Gene
1434,PIP5K1A,Gene
1435,PIP5K1B,Gene
1436,PIP5K1C,Gene
1437,PITX2,Gene
1438,PKLR,Gene
1439,PKN1,Gene
1440,PKN2,Gene
1441,PKN3,Gene
1442,PLA1A,Gene
1443,PLA2G12A,Gene
1444,PLA2G12B,Gene
1445,PLA2G1B,Gene
1446,PLA2G2A,Gene
1447,PLA2G2C,Gene
1448,PLA2G2D,Gene
1449,PLA2G2E,Gene
1450,PLA2G2F,Gene
1451,PLA2G3,Gene
1452,PLA2G4A,Gene
1453,PLA2G4B,Gene
1454,PLA2G4C,Gene
1455,PLA2G4D,Gene
1456,PLA2G4E,Gene
1457,PLA2G4F,Gene
1458,PLA2G5,Gene
1459,PLA2G6,Gene
1460,PLAT,Gene
1461,PLAU,Gene
1462,PLCB1,Gene
1463,PLCB2,Gene
1464,PLCB3,Gene
1465,PLCB4,Gene
1466,PLCD1,Gene
1467,PLCD3,Gene
1468,PLCD4,Gene
1469,PLCE1,Gene
1470,PLCG1,Gene
1471,PLCG2,Gene
1472,PLCZ1,Gene
1473,PLD1,Gene
1474,PLD2,Gene
1475,PLIN1,Gene
1476,PLIN2,Gene
1477,PLIN4,Gene
1478,PLIN5,Gene
1479,PLK1,Gene
1480,PLK2,Gene
1481,PLK3,Gene
1482,PLK4,Gene
1483,PLN,Gene
1484,PLTP,Gene
1485,PMAIP1,Gene
1486,POMC,Gene
1487,PORCN,Gene
1488,POU5F1,Gene
1489,POU5F1B,Gene
1490,PPARA,Gene
1491,PPARD,Gene
1492,PPARG,Gene
1493,PPARGC1A,Gene
1494,PPBP,Gene
1495,PPIF,Gene
1496,PPM1A,Gene
1497,PPM1B,Gene
1498,PPM1D,Gene
1499,PPP1CA,Gene
1500,PPP1CB,Gene
1501,PPP1CC,Gene
1502,PPP1R12A,Gene
1503,PPP1R12B,Gene
1504,PPP1R12C,Gene
1505,PPP1R1B,Gene
1506,PPP1R3A,Gene
1507,PPP1R3B,Gene
1508,PPP1R3C,Gene
1509,PPP1R3D,Gene
1510,PPP1R3E,Gene
1511,PPP1R3F,Gene
1512,PPP2CA,Gene
1513,PPP2CB,Gene
1514,PPP2R1A,Gene
1515,PPP2R1B,Gene
1516,PPP2R2A,Gene
1517,PPP2R2B,Gene
1518,PPP2R2C,Gene
1519,PPP2R2D,Gene
1520,PPP2R3A,Gene
1521,PPP2R3C,Gene
1522,PPP2R5A,Gene
1523,PPP2R5B,Gene
1524,PPP2R5C,Gene
1525,PPP2R5D,Gene
1526,PPP2R5E,Gene
1527,PPP3CA,Gene
1528,PPP3CB,Gene
1529,PPP3CC,Gene
1530,PPP3R1,Gene
1531,PPP3R2,Gene
1532,PPP4C,Gene
1533,PPP5C,Gene
1534,PRDM4,Gene
1535,PREX1,Gene
1536,PRICKLE1,Gene
1537,PRICKLE2,Gene
1538,PRICKLE3,Gene
1539,PRICKLE4,Gene
1540,PRKAA1,Gene
1541,PRKAA2,Gene
1542,PRKAB1,Gene
1543,PRKAB2,Gene
1544,PRKACA,Gene
1545,PRKACB,Gene
1546,PRKACG,Gene
1547,PRKAG1,Gene
1548,PRKAG2,Gene
1549,PRKAG3,Gene
1550,PRKAR1A,Gene
1551,PRKAR1B,Gene
1552,PRKAR2A,Gene
1553,PRKAR2B,Gene
1554,PRKCA,Gene
1555,PRKCB,Gene
1556,PRKCD,Gene
1557,PRKCE,Gene
1558,PRKCG,Gene
1559,PRKCI,Gene
1560,PRKCQ,Gene
1561,PRKCZ,Gene
1562,PRKD1,Gene
1563,PRKD2,Gene
1564,PRKD3,Gene
1565,PRKG1,Gene
1566,PRKG2,Gene
1567,PRL,Gene
1568,PRLR,Gene
1569,PRMT1,Gene
1570,PRR5,Gene
1571,PSEN1,Gene
1572,PSEN2,Gene
1573,PSENEN,Gene
1574,PSTPIP1,Gene
1575,PTAFR,Gene
1576,PTCH1,Gene
1577,PTCH2,Gene
1578,PTCRA,Gene
1579,PTEN,Gene
1580,PTGER1,Gene
1581,PTGER2,Gene
1582,PTGER3,Gene
1583,PTGFR,Gene
1584,PTGS2,Gene
1585,PTK2,Gene
1586,PTK2B,Gene
1587,PTPN1,Gene
1588,PTPN11,Gene
1589,PTPN2,Gene
1590,PTPN5,Gene
1591,PTPN6,Gene
1592,PTPN7,Gene
1593,PTPRC,Gene
1594,PTPRF,Gene
1595,PTPRR,Gene
1596,PXN,Gene
1597,PYCARD,Gene
1598,PYDC1,Gene
1599,PYDC2,Gene
1600,PYGB,Gene
1601,PYGL,Gene
1602,PYGM,Gene
1603,RAB10,Gene
1604,RAB11B,Gene
1605,RAB14,Gene
1606,RAB2A,Gene
1607,RAB5A,Gene
1608,RAB5B,Gene
1609,RAB5C,Gene
1610,RAB8A,Gene
1611,RAC1,Gene
1612,RAC2,Gene
1613,RAC3,Gene
1614,RAF1,Gene
1615,RAG1,Gene
1616,RAG2,Gene
1617,RALA,Gene
1618,RALB,Gene
1619,RALBP1,Gene
1620,RALGDS,Gene
1621,RAP1A,Gene
1622,RAP1B,Gene
1623,RAP1GAP,Gene
1624,RAPGEF1,Gene
1625,RAPGEF2,Gene
1626,RAPGEF3,Gene
1627,RAPGEF4,Gene
1628,RAPGEF5,Gene
1629,RAPGEF6,Gene
1630,RARA,Gene
1631,RASA1,Gene
1632,RASA2,Gene
1633,RASA3,Gene
1634,RASA4,Gene
1635,RASA4B,Gene
1636,RASAL1,Gene
1637,RASAL2,Gene
1638,RASAL3,Gene
1639,RASGRF1,Gene
1640,RASGRF2,Gene
1641,RASGRP1,Gene
1642,RASGRP2,Gene
1643,RASGRP3,Gene
1644,RASGRP4,Gene
1645,RASSF1,Gene
1646,RASSF2,Gene
1647,RASSF4,Gene
1648,RASSF5,Gene
1649,RASSF6,Gene
1650,RBCK1,Gene
1651,RBL1,Gene
1652,RBL2,Gene
1653,RBPJ,Gene
1654,RBPJL,Gene
1655,RBX1,Gene
1656,RCAN1,Gene
1657,RCAN2,Gene
1658,RCHY1,Gene
1659,REL,Gene
1660,RELA,Gene
1661,RELB,Gene
1662,RELN,Gene
1663,RET,Gene
1664,RFNG,Gene
1665,RGL1,Gene
1666,RGL2,Gene
1667,RGMA,Gene
1668,RGMB,Gene
1669,RGS14,Gene
1670,RGS2,Gene
1671,RHEB,Gene
1672,RHOA,Gene
1673,RHOQ,Gene
1674,RICTOR,Gene
1675,RIN1,Gene
1676,RIPK1,Gene
1677,RIPK2,Gene
1678,RIPK3,Gene
1679,RLN1,Gene
1680,RLN2,Gene
1681,RLN3,Gene
1682,RNASEL,Gene
1683,RNF125,Gene
1684,RNF152,Gene
1685,RNF31,Gene
1686,RNF43,Gene
1687,ROCK1,Gene
1688,ROCK2,Gene
1689,ROR1,Gene
1690,ROR2,Gene
1691,RPRM,Gene
1692,RPS6,Gene
1693,RPS6KA1,Gene
1694,RPS6KA2,Gene
1695,RPS6KA3,Gene
1696,RPS6KA4,Gene
1697,RPS6KA5,Gene
1698,RPS6KA6,Gene
1699,RPS6KB1,Gene
1700,RPS6KB2,Gene
1701,RPTOR,Gene
1702,RRAGA,Gene
1703,RRAGB,Gene
1704,RRAGC,Gene
1705,RRAGD,Gene
1706,RRAS,Gene
1707,RRAS2,Gene
1708,RRM2,Gene
1709,RRM2B,Gene
1710,RSPO1,Gene
1711,RSPO2,Gene
1712,RSPO3,Gene
1713,RSPO4,Gene
1714,RUVBL1,Gene
1715,RXFP1,Gene
1716,RXFP2,Gene
1717,RXFP3,Gene
1718,RXFP4,Gene
1719,RXRA,Gene
1720,RXRB,Gene
1721,RXRG,Gene
1722,RYK,Gene
1723,RYR1,Gene
1724,RYR2,Gene
1725,RYR3,Gene
1726,S100A7,Gene
1727,S100A7A,Gene
1728,S100A8,Gene
1729,S100A9,Gene
1730,S1PR1,Gene
1731,S1PR2,Gene
1732,S1PR3,Gene
1733,S1PR4,Gene
1734,S1PR5,Gene
1735,SAV1,Gene
1736,SCD,Gene
1737,SCD5,Gene
1738,SCP2,Gene
1739,SCRIB,Gene
1740,SEC13,Gene
1741,SEH1L,Gene
1742,SELE,Gene
1743,SENP2,Gene
1744,SERPINB5,Gene
1745,SERPINE1,Gene
1746,SERPINF1,Gene
1747,SESN1,Gene
1748,SESN2,Gene
1749,SESN3,Gene
1750,SETD7,Gene
1751,SFN,Gene
1752,SFRP1,Gene
1753,SFRP2,Gene
1754,SFRP4,Gene
1755,SFRP5,Gene
1756,SGK1,Gene
1757,SGK2,Gene
1758,SGK3,Gene
1759,SH2B1,Gene
1760,SH2B2,Gene
1761,SH2B3,Gene
1762,SH2D2A,Gene
1763,SHARPIN,Gene
1764,SHC1,Gene
1765,SHC2,Gene
1766,SHC3,Gene
1767,SHC4,Gene
1768,SHH,Gene
1769,SHISA5,Gene
1770,SHOC2,Gene
1771,SIAH1,Gene
1772,SIK1,Gene
1773,SIK2,Gene
1774,SIKE1,Gene
1775,SIN3A,Gene
1776,SIPA1,Gene
1777,SIPA1L1,Gene
1778,SIPA1L2,Gene
1779,SIRT1,Gene
1780,SIVA1,Gene
1781,SKAP1,Gene
1782,SKP1,Gene
1783,SKP2,Gene
1784,SLC25A31,Gene
1785,SLC25A4,Gene
1786,SLC25A5,Gene
1787,SLC27A1,Gene
1788,SLC27A4,Gene
1789,SLC2A1,Gene
1790,SLC2A2,Gene
1791,SLC2A4,Gene
1792,SLC38A9,Gene
1793,SLC3A2,Gene
1794,SLC7A5,Gene
1795,SLC8A1,Gene
1796,SLC8A2,Gene
1797,SLC8A3,Gene
1798,SLC9A1,Gene
1799,SMAD1,Gene
1800,SMAD2,Gene
1801,SMAD3,Gene
1802,SMAD4,Gene
1803,SMAD5,Gene
1804,SMAD6,Gene
1805,SMAD7,Gene
1806,SMAD9,Gene
1807,SMO,Gene
1808,SMPD1,Gene
1809,SMPD2,Gene
1810,SMURF1,Gene
1811,SMURF2,Gene
1812,SNAI2,Gene
1813,SNW1,Gene
1814,SOCS1,Gene
1815,SOCS2,Gene
1816,SOCS3,Gene
1817,SOCS4,Gene
1818,SOCS5,Gene
1819,SOCS6,Gene
1820,SOCS7,Gene
1821,SOD2,Gene
1822,SORBS1,Gene
1823,SORT1,Gene
1824,SOS1,Gene
1825,SOS2,Gene
1826,SOST,Gene
1827,SOX17,Gene
1828,SOX2,Gene
1829,SOX9,Gene
1830,SP1,Gene
1831,SPHK1,Gene
1832,SPHK2,Gene
1833,SPOP,Gene
1834,SPOPL,Gene
1835,SPP1,Gene
1836,SRC,Gene
1837,SREBF1,Gene
1838,SRF,Gene
1839,SRSF1,Gene
1840,SST,Gene
1841,SSTR1,Gene
1842,SSTR2,Gene
1843,SSTR5,Gene
1844,STAM,Gene
1845,STAM2,Gene
1846,STAT1,Gene
1847,STAT2,Gene
1848,STAT3,Gene
1849,STAT4,Gene
1850,STAT5A,Gene
1851,STAT5B,Gene
1852,STAT6,Gene
1853,STEAP3,Gene
1854,STIM1,Gene
1855,STIM2,Gene
1856,STK11,Gene
1857,STK3,Gene
1858,STK4,Gene
1859,STMN1,Gene
1860,STRADA,Gene
1861,STRADB,Gene
1862,SUFU,Gene
1863,SUGT1,Gene
1864,SYK,Gene
1865,SYNGAP1,Gene
1866,TAB1,Gene
1867,TAB2,Gene
1868,TAB3,Gene
1869,TACR1,Gene
1870,TACR2,Gene
1871,TACR3,Gene
1872,TANK,Gene
1873,TAOK1,Gene
1874,TAOK2,Gene
1875,TAOK3,Gene
1876,TBC1D1,Gene
1877,TBC1D4,Gene
1878,TBC1D7,Gene
1879,TBK1,Gene
1880,TBKBP1,Gene
1881,TBL1X,Gene
1882,TBL1XR1,Gene
1883,TBX3,Gene
1884,TBXA2R,Gene
1885,TCF3,Gene
1886,TCF7,Gene
1887,TCF7L1,Gene
1888,TCF7L2,Gene
1889,TCL1A,Gene
1890,TCL1B,Gene
1891,TEAD1,Gene
1892,TEAD2,Gene
1893,TEAD3,Gene
1894,TEAD4,Gene
1895,TEC,Gene
1896,TEK,Gene
1897,TELO2,Gene
1898,TF,Gene
1899,TFAM,Gene
1900,TFDP1,Gene
1901,TFF1,Gene
1902,TFRC,Gene
1903,TGFA,Gene
1904,TGFB1,Gene
1905,TGFB2,Gene
1906,TGFB3,Gene
1907,TGFBR1,Gene
1908,TGFBR2,Gene
1909,TGIF1,Gene
1910,TGIF2,Gene
1911,TH,Gene
1912,THBD,Gene
1913,THBS1,Gene
1914,THBS2,Gene
1915,THBS3,Gene
1916,THBS4,Gene
1917,THEM4,Gene
1918,THPO,Gene
1919,THRA,Gene
1920,THRB,Gene
1921,TIAM1,Gene
1922,TICAM1,Gene
1923,TICAM2,Gene
1924,TIMP1,Gene
1925,TIRAP,Gene
1926,TLE1,Gene
1927,TLE2,Gene
1928,TLE3,Gene
1929,TLE4,Gene
1930,TLE6,Gene
1931,TLN2,Gene
1932,TLR1,Gene
1933,TLR2,Gene
1934,TLR3,Gene
1935,TLR4,Gene
1936,TLR5,Gene
1937,TLR6,Gene
1938,TLR7,Gene
1939,TLR8,Gene
1940,TLR9,Gene
1941,TNC,Gene
1942,TNF,Gene
1943,TNFAIP3,Gene
1944,TNFRSF10A,Gene
1945,TNFRSF10B,Gene
1946,TNFRSF11A,Gene
1947,TNFRSF13C,Gene
1948,TNFRSF1A,Gene
1949,TNFRSF1B,Gene
1950,TNFSF10,Gene
1951,TNFSF11,Gene
1952,TNFSF13B,Gene
1953,TNFSF14,Gene
1954,TNN,Gene
1955,TNNC1,Gene
1956,TNNC2,Gene
1957,TNNI3,Gene
1958,TNR,Gene
1959,TNXB,Gene
1960,TOLLIP,Gene
1961,TP53,Gene
1962,TP53AIP1,Gene
1963,TP53BP1,Gene
1964,TP53BP2,Gene
1965,TP53I3,Gene
1966,TP73,Gene
1967,TPCN1,Gene
1968,TPCN2,Gene
1969,TRADD,Gene
1970,TRAF1,Gene
1971,TRAF2,Gene
1972,TRAF3,Gene
1973,TRAF3IP2,Gene
1974,TRAF4,Gene
1975,TRAF5,Gene
1976,TRAF6,Gene
1977,TRDN,Gene
1978,TRHR,Gene
1979,TRIM25,Gene
1980,TRIP10,Gene
1981,TRIP6,Gene
1982,TRPC6,Gene
1983,TRPM2,Gene
1984,TSC1,Gene
1985,TSC2,Gene
1986,TSHB,Gene
1987,TSHR,Gene
1988,TSLP,Gene
1989,TTI1,Gene
1990,TXN,Gene
1991,TXN2,Gene
1992,TXNIP,Gene
1993,TYK2,Gene
1994,UBC,Gene
1995,UCP1,Gene
1996,ULK1,Gene
1997,ULK2,Gene
1998,USP25,Gene
1999,USP7,Gene
2000,VANGL1,Gene
2001,VANGL2,Gene
2002,VASP,Gene
2003,VAV1,Gene
2004,VAV2,Gene
2005,VAV3,Gene
2006,VCAM1,Gene
2007,VDAC1,Gene
2008,VDAC2,Gene
2009,VDAC3,Gene
2010,VEGFA,Gene
2011,VEGFB,Gene
2012,VEGFC,Gene
2013,VHL,Gene
2014,VIP,Gene
2015,VIPR2,Gene
2016,VTN,Gene
2017,VWF,Gene
2018,WAS,Gene
2019,WDR24,Gene
2020,WDR59,Gene
2021,WIF1,Gene
2022,WNT1,Gene
2023,WNT10A,Gene
2024,WNT10B,Gene
2025,WNT11,Gene
2026,WNT16,Gene
2027,WNT2,Gene
2028,WNT2B,Gene
2029,WNT3,Gene
2030,WNT3A,Gene
2031,WNT4,Gene
2032,WNT5A,Gene
2033,WNT5B,Gene
2034,WNT6,Gene
2035,WNT7A,Gene
2036,WNT7B,Gene
2037,WNT8A,Gene
2038,WNT8B,Gene
2039,WNT9A,Gene
2040,WNT9B,Gene
2041,WTIP,Gene
2042,WWC1,Gene
2043,WWTR1,Gene
2044,XCL1,Gene
2045,XCL2,Gene
2046,XCR1,Gene
2047,XIAP,Gene
2048,YAP1,Gene
2049,YWHAB,Gene
2050,YWHAE,Gene
2051,YWHAG,Gene
2052,YWHAH,Gene
2053,YWHAQ,Gene
2054,YWHAZ,Gene
2055,ZAP70,Gene
2056,ZFYVE16,Gene
2057,ZFYVE9,Gene
2058,ZMAT3,Gene
2059,ZNF274,Gene
2060,ZNRF3,Gene
2061,ABL1-METH,Gene-METH
2062,ABL2-METH,Gene-METH
2063,ACAA1-METH,Gene-METH
2064,ACACA-METH,Gene-METH
2065,ACACB-METH,Gene-METH
2066,ACADL-METH,Gene-METH
2067,ACADM-METH,Gene-METH
2068,ACOX1-METH,Gene-METH
2069,ACOX2-METH,Gene-METH
2070,ACOX3-METH,Gene-METH
2071,ACSBG1-METH,Gene-METH
2072,ACSBG2-METH,Gene-METH
2073,ACSL1-METH,Gene-METH
2074,ACSL3-METH,Gene-METH
2075,ACSL4-METH,Gene-METH
2076,ACSL5-METH,Gene-METH
2077,ACSL6-METH,Gene-METH
2078,ACTA2-METH,Gene-METH
2079,ACTB-METH,Gene-METH
2080,ACTG1-METH,Gene-METH
2081,ACVR1-METH,Gene-METH
2082,ACVR1B-METH,Gene-METH
2083,ACVR1C-METH,Gene-METH
2084,ACVR2A-METH,Gene-METH
2085,ACVR2B-METH,Gene-METH
2086,ADAM17-METH,Gene-METH
2087,ADCY1-METH,Gene-METH
2088,ADCY10-METH,Gene-METH
2089,ADCY2-METH,Gene-METH
2090,ADCY3-METH,Gene-METH
2091,ADCY4-METH,Gene-METH
2092,ADCY5-METH,Gene-METH
2093,ADCY6-METH,Gene-METH
2094,ADCY7-METH,Gene-METH
2095,ADCY8-METH,Gene-METH
2096,ADCY9-METH,Gene-METH
2097,ADCYAP1-METH,Gene-METH
2098,ADCYAP1R1-METH,Gene-METH
2099,ADIPOQ-METH,Gene-METH
2100,ADIPOR1-METH,Gene-METH
2101,ADIPOR2-METH,Gene-METH
2102,ADORA1-METH,Gene-METH
2103,ADORA2A-METH,Gene-METH
2104,ADORA2B-METH,Gene-METH
2105,ADORA3-METH,Gene-METH
2106,ADRA1A-METH,Gene-METH
2107,ADRA1B-METH,Gene-METH
2108,ADRA1D-METH,Gene-METH
2109,ADRA2A-METH,Gene-METH
2110,ADRA2B-METH,Gene-METH
2111,ADRA2C-METH,Gene-METH
2112,ADRB1-METH,Gene-METH
2113,ADRB2-METH,Gene-METH
2114,ADRB3-METH,Gene-METH
2115,AFP-METH,Gene-METH
2116,AGAP2-METH,Gene-METH
2117,AGER-METH,Gene-METH
2118,AGRP-METH,Gene-METH
2119,AGT-METH,Gene-METH
2120,AGTR1-METH,Gene-METH
2121,AIFM2-METH,Gene-METH
2122,AIM2-METH,Gene-METH
2123,AJUBA-METH,Gene-METH
2124,AKT1-METH,Gene-METH
2125,AKT1S1-METH,Gene-METH
2126,AKT2-METH,Gene-METH
2127,AKT3-METH,Gene-METH
2128,ALDOA-METH,Gene-METH
2129,ALDOB-METH,Gene-METH
2130,ALDOC-METH,Gene-METH
2131,AMH-METH,Gene-METH
2132,AMHR2-METH,Gene-METH
2133,AMOT-METH,Gene-METH
2134,ANAPC5-METH,Gene-METH
2135,ANGPT1-METH,Gene-METH
2136,ANGPT2-METH,Gene-METH
2137,ANGPT4-METH,Gene-METH
2138,ANGPTL4-METH,Gene-METH
2139,AOX1-METH,Gene-METH
2140,APAF1-METH,Gene-METH
2141,APBB1IP-METH,Gene-METH
2142,APC-METH,Gene-METH
2143,APC2-METH,Gene-METH
2144,APH1A-METH,Gene-METH
2145,APH1B-METH,Gene-METH
2146,APLN-METH,Gene-METH
2147,APLNR-METH,Gene-METH
2148,APOA1-METH,Gene-METH
2149,APOA2-METH,Gene-METH
2150,APOA5-METH,Gene-METH
2151,APOC3-METH,Gene-METH
2152,AQP7-METH,Gene-METH
2153,ARAF-METH,Gene-METH
2154,ARAP3-METH,Gene-METH
2155,AREG-METH,Gene-METH
2156,ARF1-METH,Gene-METH
2157,ARF6-METH,Gene-METH
2158,ARHGDIA-METH,Gene-METH
2159,ARHGDIB-METH,Gene-METH
2160,ARHGEF12-METH,Gene-METH
2161,ARNT-METH,Gene-METH
2162,ARRB1-METH,Gene-METH
2163,ARRB2-METH,Gene-METH
2164,ASPH-METH,Gene-METH
2165,ATF2-METH,Gene-METH
2166,ATF4-METH,Gene-METH
2167,ATF6B-METH,Gene-METH
2168,ATG12-METH,Gene-METH
2169,ATG16L1-METH,Gene-METH
2170,ATG5-METH,Gene-METH
2171,ATM-METH,Gene-METH
2172,ATP1A1-METH,Gene-METH
2173,ATP1A2-METH,Gene-METH
2174,ATP1A3-METH,Gene-METH
2175,ATP1A4-METH,Gene-METH
2176,ATP1B1-METH,Gene-METH
2177,ATP1B2-METH,Gene-METH
2178,ATP1B3-METH,Gene-METH
2179,ATP1B4-METH,Gene-METH
2180,ATP2A1-METH,Gene-METH
2181,ATP2A2-METH,Gene-METH
2182,ATP2A3-METH,Gene-METH
2183,ATP2B1-METH,Gene-METH
2184,ATP2B2-METH,Gene-METH
2185,ATP2B3-METH,Gene-METH
2186,ATP2B4-METH,Gene-METH
2187,ATP6V1A-METH,Gene-METH
2188,ATP6V1B1-METH,Gene-METH
2189,ATP6V1B2-METH,Gene-METH
2190,ATP6V1C1-METH,Gene-METH
2191,ATP6V1C2-METH,Gene-METH
2192,ATP6V1D-METH,Gene-METH
2193,ATP6V1E1-METH,Gene-METH
2194,ATP6V1E2-METH,Gene-METH
2195,ATP6V1F-METH,Gene-METH
2196,ATP6V1G1-METH,Gene-METH
2197,ATP6V1G2-METH,Gene-METH
2198,ATP6V1G3-METH,Gene-METH
2199,ATP6V1H-METH,Gene-METH
2200,ATR-METH,Gene-METH
2201,ATXN1-METH,Gene-METH
2202,ATXN1L-METH,Gene-METH
2203,AVP-METH,Gene-METH
2204,AVPR1A-METH,Gene-METH
2205,AVPR1B-METH,Gene-METH
2206,AVPR2-METH,Gene-METH
2207,AXIN1-METH,Gene-METH
2208,AXIN2-METH,Gene-METH
2209,AZI2-METH,Gene-METH
2210,BAD-METH,Gene-METH
2211,BAG4-METH,Gene-METH
2212,BAMBI-METH,Gene-METH
2213,BAX-METH,Gene-METH
2214,BBC3-METH,Gene-METH
2215,BCAR1-METH,Gene-METH
2216,BCL10-METH,Gene-METH
2217,BCL2-METH,Gene-METH
2218,BCL2A1-METH,Gene-METH
2219,BCL2L1-METH,Gene-METH
2220,BCL2L11-METH,Gene-METH
2221,BCL3-METH,Gene-METH
2222,BCL6-METH,Gene-METH
2223,BDKRB1-METH,Gene-METH
2224,BDKRB2-METH,Gene-METH
2225,BDNF-METH,Gene-METH
2226,BECN1-METH,Gene-METH
2227,BID-METH,Gene-METH
2228,BIRC2-METH,Gene-METH
2229,BIRC3-METH,Gene-METH
2230,BIRC5-METH,Gene-METH
2231,BLNK-METH,Gene-METH
2232,BMP2-METH,Gene-METH
2233,BMP4-METH,Gene-METH
2234,BMP5-METH,Gene-METH
2235,BMP6-METH,Gene-METH
2236,BMP7-METH,Gene-METH
2237,BMP8A-METH,Gene-METH
2238,BMP8B-METH,Gene-METH
2239,BMPR1A-METH,Gene-METH
2240,BMPR1B-METH,Gene-METH
2241,BMPR2-METH,Gene-METH
2242,BNIP3-METH,Gene-METH
2243,BOC-METH,Gene-METH
2244,BRAF-METH,Gene-METH
2245,BRAP-METH,Gene-METH
2246,BRCA1-METH,Gene-METH
2247,BRCC3-METH,Gene-METH
2248,BTC-METH,Gene-METH
2249,BTK-METH,Gene-METH
2250,BTRC-METH,Gene-METH
2251,CAB39-METH,Gene-METH
2252,CAB39L-METH,Gene-METH
2253,CACNA1A-METH,Gene-METH
2254,CACNA1B-METH,Gene-METH
2255,CACNA1C-METH,Gene-METH
2256,CACNA1D-METH,Gene-METH
2257,CACNA1E-METH,Gene-METH
2258,CACNA1F-METH,Gene-METH
2259,CACNA1G-METH,Gene-METH
2260,CACNA1H-METH,Gene-METH
2261,CACNA1I-METH,Gene-METH
2262,CACNA1S-METH,Gene-METH
2263,CACNA2D1-METH,Gene-METH
2264,CACNA2D2-METH,Gene-METH
2265,CACNA2D3-METH,Gene-METH
2266,CACNA2D4-METH,Gene-METH
2267,CACNB1-METH,Gene-METH
2268,CACNB2-METH,Gene-METH
2269,CACNB3-METH,Gene-METH
2270,CACNB4-METH,Gene-METH
2271,CACNG1-METH,Gene-METH
2272,CACNG2-METH,Gene-METH
2273,CACNG3-METH,Gene-METH
2274,CACNG4-METH,Gene-METH
2275,CACNG5-METH,Gene-METH
2276,CACNG6-METH,Gene-METH
2277,CACNG7-METH,Gene-METH
2278,CACNG8-METH,Gene-METH
2279,CACYBP-METH,Gene-METH
2280,CALM1-METH,Gene-METH
2281,CALM2-METH,Gene-METH
2282,CALM3-METH,Gene-METH
2283,CALML3-METH,Gene-METH
2284,CALML4-METH,Gene-METH
2285,CALML5-METH,Gene-METH
2286,CALML6-METH,Gene-METH
2287,CAMK1-METH,Gene-METH
2288,CAMK1D-METH,Gene-METH
2289,CAMK1G-METH,Gene-METH
2290,CAMK2A-METH,Gene-METH
2291,CAMK2B-METH,Gene-METH
2292,CAMK2D-METH,Gene-METH
2293,CAMK2G-METH,Gene-METH
2294,CAMK4-METH,Gene-METH
2295,CAMKK2-METH,Gene-METH
2296,CAMP-METH,Gene-METH
2297,CARD10-METH,Gene-METH
2298,CARD11-METH,Gene-METH
2299,CARD14-METH,Gene-METH
2300,CARD16-METH,Gene-METH
2301,CARD17-METH,Gene-METH
2302,CARD18-METH,Gene-METH
2303,CARD6-METH,Gene-METH
2304,CARD8-METH,Gene-METH
2305,CARD9-METH,Gene-METH
2306,CASP1-METH,Gene-METH
2307,CASP10-METH,Gene-METH
2308,CASP12-METH,Gene-METH
2309,CASP3-METH,Gene-METH
2310,CASP4-METH,Gene-METH
2311,CASP5-METH,Gene-METH
2312,CASP7-METH,Gene-METH
2313,CASP8-METH,Gene-METH
2314,CASP9-METH,Gene-METH
2315,CASQ1-METH,Gene-METH
2316,CASQ2-METH,Gene-METH
2317,CASR-METH,Gene-METH
2318,CAT-METH,Gene-METH
2319,CBL-METH,Gene-METH
2320,CBLB-METH,Gene-METH
2321,CCKAR-METH,Gene-METH
2322,CCKBR-METH,Gene-METH
2323,CCL1-METH,Gene-METH
2324,CCL11-METH,Gene-METH
2325,CCL13-METH,Gene-METH
2326,CCL14-METH,Gene-METH
2327,CCL15-METH,Gene-METH
2328,CCL16-METH,Gene-METH
2329,CCL18-METH,Gene-METH
2330,CCL19-METH,Gene-METH
2331,CCL2-METH,Gene-METH
2332,CCL20-METH,Gene-METH
2333,CCL21-METH,Gene-METH
2334,CCL22-METH,Gene-METH
2335,CCL23-METH,Gene-METH
2336,CCL24-METH,Gene-METH
2337,CCL25-METH,Gene-METH
2338,CCL26-METH,Gene-METH
2339,CCL27-METH,Gene-METH
2340,CCL28-METH,Gene-METH
2341,CCL3-METH,Gene-METH
2342,CCL4-METH,Gene-METH
2343,CCL5-METH,Gene-METH
2344,CCL7-METH,Gene-METH
2345,CCL8-METH,Gene-METH
2346,CCNA1-METH,Gene-METH
2347,CCNA2-METH,Gene-METH
2348,CCNB1-METH,Gene-METH
2349,CCNB2-METH,Gene-METH
2350,CCNB3-METH,Gene-METH
2351,CCND1-METH,Gene-METH
2352,CCND2-METH,Gene-METH
2353,CCND3-METH,Gene-METH
2354,CCNE1-METH,Gene-METH
2355,CCNE2-METH,Gene-METH
2356,CCNG1-METH,Gene-METH
2357,CCNG2-METH,Gene-METH
2358,CCR1-METH,Gene-METH
2359,CCR10-METH,Gene-METH
2360,CCR2-METH,Gene-METH
2361,CCR3-METH,Gene-METH
2362,CCR4-METH,Gene-METH
2363,CCR5-METH,Gene-METH
2364,CCR6-METH,Gene-METH
2365,CCR7-METH,Gene-METH
2366,CCR8-METH,Gene-METH
2367,CCR9-METH,Gene-METH
2368,CD14-METH,Gene-METH
2369,CD19-METH,Gene-METH
2370,CD209-METH,Gene-METH
2371,CD22-METH,Gene-METH
2372,CD247-METH,Gene-METH
2373,CD28-METH,Gene-METH
2374,CD36-METH,Gene-METH
2375,CD38-METH,Gene-METH
2376,CD3E-METH,Gene-METH
2377,CD4-METH,Gene-METH
2378,CD40-METH,Gene-METH
2379,CD40LG-METH,Gene-METH
2380,CD72-METH,Gene-METH
2381,CD79A-METH,Gene-METH
2382,CD79B-METH,Gene-METH
2383,CD80-METH,Gene-METH
2384,CD82-METH,Gene-METH
2385,CD86-METH,Gene-METH
2386,CD8A-METH,Gene-METH
2387,CD8B-METH,Gene-METH
2388,CDC25B-METH,Gene-METH
2389,CDC37-METH,Gene-METH
2390,CDC42-METH,Gene-METH
2391,CDH1-METH,Gene-METH
2392,CDK1-METH,Gene-METH
2393,CDK2-METH,Gene-METH
2394,CDK4-METH,Gene-METH
2395,CDK6-METH,Gene-METH
2396,CDKN1A-METH,Gene-METH
2397,CDKN1B-METH,Gene-METH
2398,CDKN2A-METH,Gene-METH
2399,CDKN2B-METH,Gene-METH
2400,CDKN2D-METH,Gene-METH
2401,CDON-METH,Gene-METH
2402,CEBPB-METH,Gene-METH
2403,CER1-METH,Gene-METH
2404,CFLAR-METH,Gene-METH
2405,CFTR-METH,Gene-METH
2406,CGA-METH,Gene-METH
2407,CHAD-METH,Gene-METH
2408,CHD8-METH,Gene-METH
2409,CHEK1-METH,Gene-METH
2410,CHEK2-METH,Gene-METH
2411,CHRD-METH,Gene-METH
2412,CHRM1-METH,Gene-METH
2413,CHRM2-METH,Gene-METH
2414,CHRM3-METH,Gene-METH
2415,CHRM5-METH,Gene-METH
2416,CHRNA7-METH,Gene-METH
2417,CHUK-METH,Gene-METH
2418,CIR1-METH,Gene-METH
2419,CISH-METH,Gene-METH
2420,CLEC1B-METH,Gene-METH
2421,CLEC4D-METH,Gene-METH
2422,CLEC4E-METH,Gene-METH
2423,CLEC4M-METH,Gene-METH
2424,CLEC7A-METH,Gene-METH
2425,CLIP1-METH,Gene-METH
2426,CNGA1-METH,Gene-METH
2427,CNGA2-METH,Gene-METH
2428,CNGA3-METH,Gene-METH
2429,CNGA4-METH,Gene-METH
2430,CNGB1-METH,Gene-METH
2431,CNGB3-METH,Gene-METH
2432,CNR1-METH,Gene-METH
2433,CNTF-METH,Gene-METH
2434,CNTFR-METH,Gene-METH
2435,COL1A1-METH,Gene-METH
2436,COL1A2-METH,Gene-METH
2437,COL2A1-METH,Gene-METH
2438,COL3A1-METH,Gene-METH
2439,COL4A1-METH,Gene-METH
2440,COL4A2-METH,Gene-METH
2441,COL4A3-METH,Gene-METH
2442,COL4A4-METH,Gene-METH
2443,COL4A5-METH,Gene-METH
2444,COL4A6-METH,Gene-METH
2445,COL6A1-METH,Gene-METH
2446,COL6A2-METH,Gene-METH
2447,COL6A3-METH,Gene-METH
2448,COL6A5-METH,Gene-METH
2449,COL6A6-METH,Gene-METH
2450,COL9A1-METH,Gene-METH
2451,COL9A2-METH,Gene-METH
2452,COL9A3-METH,Gene-METH
2453,COMP-METH,Gene-METH
2454,CPT1A-METH,Gene-METH
2455,CPT1B-METH,Gene-METH
2456,CPT1C-METH,Gene-METH
2457,CPT2-METH,Gene-METH
2458,CREB1-METH,Gene-METH
2459,CREB3-METH,Gene-METH
2460,CREB3L1-METH,Gene-METH
2461,CREB3L2-METH,Gene-METH
2462,CREB3L3-METH,Gene-METH
2463,CREB3L4-METH,Gene-METH
2464,CREB5-METH,Gene-METH
2465,CREBBP-METH,Gene-METH
2466,CRK-METH,Gene-METH
2467,CRKL-METH,Gene-METH
2468,CRTC2-METH,Gene-METH
2469,CSF1-METH,Gene-METH
2470,CSF1R-METH,Gene-METH
2471,CSF2-METH,Gene-METH
2472,CSF2RB-METH,Gene-METH
2473,CSF3-METH,Gene-METH
2474,CSF3R-METH,Gene-METH
2475,CSH1-METH,Gene-METH
2476,CSH2-METH,Gene-METH
2477,CSN2-METH,Gene-METH
2478,CSNK1A1-METH,Gene-METH
2479,CSNK1A1L-METH,Gene-METH
2480,CSNK1D-METH,Gene-METH
2481,CSNK1E-METH,Gene-METH
2482,CSNK1G1-METH,Gene-METH
2483,CSNK1G2-METH,Gene-METH
2484,CSNK1G3-METH,Gene-METH
2485,CSNK2A1-METH,Gene-METH
2486,CSNK2A2-METH,Gene-METH
2487,CSNK2B-METH,Gene-METH
2488,CTBP1-METH,Gene-METH
2489,CTBP2-METH,Gene-METH
2490,CTF1-METH,Gene-METH
2491,CTLA4-METH,Gene-METH
2492,CTNNA1-METH,Gene-METH
2493,CTNNA2-METH,Gene-METH
2494,CTNNA3-METH,Gene-METH
2495,CTNNB1-METH,Gene-METH
2496,CTNNBIP1-METH,Gene-METH
2497,CTNND1-METH,Gene-METH
2498,CTNND2-METH,Gene-METH
2499,CTSB-METH,Gene-METH
2500,CTSD-METH,Gene-METH
2501,CUL1-METH,Gene-METH
2502,CUL3-METH,Gene-METH
2503,CX3CL1-METH,Gene-METH
2504,CX3CR1-METH,Gene-METH
2505,CXCL1-METH,Gene-METH
2506,CXCL10-METH,Gene-METH
2507,CXCL11-METH,Gene-METH
2508,CXCL12-METH,Gene-METH
2509,CXCL13-METH,Gene-METH
2510,CXCL14-METH,Gene-METH
2511,CXCL16-METH,Gene-METH
2512,CXCL2-METH,Gene-METH
2513,CXCL3-METH,Gene-METH
2514,CXCL5-METH,Gene-METH
2515,CXCL6-METH,Gene-METH
2516,CXCR1-METH,Gene-METH
2517,CXCR2-METH,Gene-METH
2518,CXCR3-METH,Gene-METH
2519,CXCR4-METH,Gene-METH
2520,CXCR5-METH,Gene-METH
2521,CXCR6-METH,Gene-METH
2522,CXXC4-METH,Gene-METH
2523,CYBA-METH,Gene-METH
2524,CYCS-METH,Gene-METH
2525,CYLD-METH,Gene-METH
2526,CYP17A1-METH,Gene-METH
2527,CYP27A1-METH,Gene-METH
2528,CYP7A1-METH,Gene-METH
2529,CYP8B1-METH,Gene-METH
2530,CYSLTR1-METH,Gene-METH
2531,CYSLTR2-METH,Gene-METH
2532,CYTH1-METH,Gene-METH
2533,CYTH2-METH,Gene-METH
2534,CYTH3-METH,Gene-METH
2535,CYTH4-METH,Gene-METH
2536,DAAM1-METH,Gene-METH
2537,DAAM2-METH,Gene-METH
2538,DAB2IP-METH,Gene-METH
2539,DAPP1-METH,Gene-METH
2540,DAXX-METH,Gene-METH
2541,DBI-METH,Gene-METH
2542,DCHS1-METH,Gene-METH
2543,DCHS2-METH,Gene-METH
2544,DCN-METH,Gene-METH
2545,DDB2-METH,Gene-METH
2546,DDIT3-METH,Gene-METH
2547,DDIT4-METH,Gene-METH
2548,DDX3X-METH,Gene-METH
2549,DDX58-METH,Gene-METH
2550,DEFB4A-METH,Gene-METH
2551,DEFB4B-METH,Gene-METH
2552,DEPDC5-METH,Gene-METH
2553,DEPTOR-METH,Gene-METH
2554,DHH-METH,Gene-METH
2555,DHX33-METH,Gene-METH
2556,DHX58-METH,Gene-METH
2557,DIAPH1-METH,Gene-METH
2558,DISP1-METH,Gene-METH
2559,DKK1-METH,Gene-METH
2560,DKK2-METH,Gene-METH
2561,DKK4-METH,Gene-METH
2562,DLG1-METH,Gene-METH
2563,DLG2-METH,Gene-METH
2564,DLG3-METH,Gene-METH
2565,DLG4-METH,Gene-METH
2566,DLG5-METH,Gene-METH
2567,DLL1-METH,Gene-METH
2568,DLL3-METH,Gene-METH
2569,DLL4-METH,Gene-METH
2570,DNM1L-METH,Gene-METH
2571,DOCK2-METH,Gene-METH
2572,DOCK4-METH,Gene-METH
2573,DRD1-METH,Gene-METH
2574,DRD2-METH,Gene-METH
2575,DRD5-METH,Gene-METH
2576,DTX1-METH,Gene-METH
2577,DTX2-METH,Gene-METH
2578,DTX3-METH,Gene-METH
2579,DTX3L-METH,Gene-METH
2580,DTX4-METH,Gene-METH
2581,DUSP1-METH,Gene-METH
2582,DUSP10-METH,Gene-METH
2583,DUSP16-METH,Gene-METH
2584,DUSP2-METH,Gene-METH
2585,DUSP3-METH,Gene-METH
2586,DUSP4-METH,Gene-METH
2587,DUSP5-METH,Gene-METH
2588,DUSP6-METH,Gene-METH
2589,DUSP7-METH,Gene-METH
2590,DUSP8-METH,Gene-METH
2591,DUSP9-METH,Gene-METH
2592,DVL1-METH,Gene-METH
2593,DVL2-METH,Gene-METH
2594,DVL3-METH,Gene-METH
2595,E2F4-METH,Gene-METH
2596,E2F5-METH,Gene-METH
2597,EBAG9-METH,Gene-METH
2598,ECSIT-METH,Gene-METH
2599,EDA-METH,Gene-METH
2600,EDA2R-METH,Gene-METH
2601,EDAR-METH,Gene-METH
2602,EDARADD-METH,Gene-METH
2603,EDN1-METH,Gene-METH
2604,EDN2-METH,Gene-METH
2605,EDN3-METH,Gene-METH
2606,EDNRA-METH,Gene-METH
2607,EDNRB-METH,Gene-METH
2608,EEF2-METH,Gene-METH
2609,EEF2K-METH,Gene-METH
2610,EFCAB7-METH,Gene-METH
2611,EFNA1-METH,Gene-METH
2612,EFNA2-METH,Gene-METH
2613,EFNA3-METH,Gene-METH
2614,EFNA5-METH,Gene-METH
2615,EGF-METH,Gene-METH
2616,EGFR-METH,Gene-METH
2617,EGLN1-METH,Gene-METH
2618,EGLN2-METH,Gene-METH
2619,EGLN3-METH,Gene-METH
2620,EGR1-METH,Gene-METH
2621,EGR2-METH,Gene-METH
2622,EGR3-METH,Gene-METH
2623,EHHADH-METH,Gene-METH
2624,EI24-METH,Gene-METH
2625,EIF4B-METH,Gene-METH
2626,EIF4E-METH,Gene-METH
2627,EIF4E2-METH,Gene-METH
2628,EIF4EBP1-METH,Gene-METH
2629,ELAVL1-METH,Gene-METH
2630,ELF5-METH,Gene-METH
2631,ELK1-METH,Gene-METH
2632,ELK4-METH,Gene-METH
2633,ELMO1-METH,Gene-METH
2634,ENAH-METH,Gene-METH
2635,ENO1-METH,Gene-METH
2636,ENO2-METH,Gene-METH
2637,ENO3-METH,Gene-METH
2638,ENO4-METH,Gene-METH
2639,EP300-METH,Gene-METH
2640,EPHA2-METH,Gene-METH
2641,EPO-METH,Gene-METH
2642,EPOR-METH,Gene-METH
2643,ERBB2-METH,Gene-METH
2644,ERBB3-METH,Gene-METH
2645,ERBB4-METH,Gene-METH
2646,EREG-METH,Gene-METH
2647,ESR1-METH,Gene-METH
2648,ESR2-METH,Gene-METH
2649,ESRRB-METH,Gene-METH
2650,ETS1-METH,Gene-METH
2651,ETS2-METH,Gene-METH
2652,EVC-METH,Gene-METH
2653,EVC2-METH,Gene-METH
2654,EVL-METH,Gene-METH
2655,EXOC2-METH,Gene-METH
2656,EXOC7-METH,Gene-METH
2657,F2-METH,Gene-METH
2658,F2R-METH,Gene-METH
2659,F2RL3-METH,Gene-METH
2660,F3-METH,Gene-METH
2661,FABP1-METH,Gene-METH
2662,FABP3-METH,Gene-METH
2663,FABP4-METH,Gene-METH
2664,FADD-METH,Gene-METH
2665,FADS2-METH,Gene-METH
2666,FARP2-METH,Gene-METH
2667,FAS-METH,Gene-METH
2668,FASLG-METH,Gene-METH
2669,FASN-METH,Gene-METH
2670,FAT4-METH,Gene-METH
2671,FBP1-METH,Gene-METH
2672,FBP2-METH,Gene-METH
2673,FBXO25-METH,Gene-METH
2674,FBXO32-METH,Gene-METH
2675,FBXW11-METH,Gene-METH
2676,FCER1A-METH,Gene-METH
2677,FCER1G-METH,Gene-METH
2678,FFAR2-METH,Gene-METH
2679,FGF1-METH,Gene-METH
2680,FGF10-METH,Gene-METH
2681,FGF16-METH,Gene-METH
2682,FGF17-METH,Gene-METH
2683,FGF18-METH,Gene-METH
2684,FGF19-METH,Gene-METH
2685,FGF2-METH,Gene-METH
2686,FGF20-METH,Gene-METH
2687,FGF21-METH,Gene-METH
2688,FGF22-METH,Gene-METH
2689,FGF23-METH,Gene-METH
2690,FGF3-METH,Gene-METH
2691,FGF4-METH,Gene-METH
2692,FGF5-METH,Gene-METH
2693,FGF6-METH,Gene-METH
2694,FGF7-METH,Gene-METH
2695,FGF8-METH,Gene-METH
2696,FGF9-METH,Gene-METH
2697,FGFR1-METH,Gene-METH
2698,FGFR2-METH,Gene-METH
2699,FGFR3-METH,Gene-METH
2700,FGFR4-METH,Gene-METH
2701,FGR-METH,Gene-METH
2702,FHL1-METH,Gene-METH
2703,FLCN-METH,Gene-METH
2704,FLNA-METH,Gene-METH
2705,FLNB-METH,Gene-METH
2706,FLNC-METH,Gene-METH
2707,FLOT1-METH,Gene-METH
2708,FLOT2-METH,Gene-METH
2709,FLT1-METH,Gene-METH
2710,FLT3-METH,Gene-METH
2711,FLT3LG-METH,Gene-METH
2712,FLT4-METH,Gene-METH
2713,FMOD-METH,Gene-METH
2714,FN1-METH,Gene-METH
2715,FNIP1-METH,Gene-METH
2716,FNIP2-METH,Gene-METH
2717,FOS-METH,Gene-METH
2718,FOSB-METH,Gene-METH
2719,FOSL1-METH,Gene-METH
2720,FOXO1-METH,Gene-METH
2721,FOXO3-METH,Gene-METH
2722,FOXO4-METH,Gene-METH
2723,FPR1-METH,Gene-METH
2724,FRAT1-METH,Gene-METH
2725,FRAT2-METH,Gene-METH
2726,FRMD1-METH,Gene-METH
2727,FRMD6-METH,Gene-METH
2728,FRS2-METH,Gene-METH
2729,FSHB-METH,Gene-METH
2730,FSHR-METH,Gene-METH
2731,FST-METH,Gene-METH
2732,FXYD1-METH,Gene-METH
2733,FXYD2-METH,Gene-METH
2734,FYN-METH,Gene-METH
2735,FZD1-METH,Gene-METH
2736,FZD10-METH,Gene-METH
2737,FZD2-METH,Gene-METH
2738,FZD3-METH,Gene-METH
2739,FZD4-METH,Gene-METH
2740,FZD5-METH,Gene-METH
2741,FZD6-METH,Gene-METH
2742,FZD7-METH,Gene-METH
2743,FZD8-METH,Gene-METH
2744,FZD9-METH,Gene-METH
2745,G6PC2-METH,Gene-METH
2746,G6PC3-METH,Gene-METH
2747,GAB1-METH,Gene-METH
2748,GAB2-METH,Gene-METH
2749,GABARAP-METH,Gene-METH
2750,GABARAPL1-METH,Gene-METH
2751,GABARAPL2-METH,Gene-METH
2752,GABBR1-METH,Gene-METH
2753,GABBR2-METH,Gene-METH
2754,GADD45A-METH,Gene-METH
2755,GADD45B-METH,Gene-METH
2756,GADD45G-METH,Gene-METH
2757,GALT-METH,Gene-METH
2758,GAPDH-METH,Gene-METH
2759,GAS1-METH,Gene-METH
2760,GATA4-METH,Gene-METH
2761,GCG-METH,Gene-METH
2762,GCK-METH,Gene-METH
2763,GDF5-METH,Gene-METH
2764,GDF6-METH,Gene-METH
2765,GDF7-METH,Gene-METH
2766,GDNF-METH,Gene-METH
2767,GFAP-METH,Gene-METH
2768,GH1-METH,Gene-METH
2769,GH2-METH,Gene-METH
2770,GHR-METH,Gene-METH
2771,GHRL-METH,Gene-METH
2772,GHSR-METH,Gene-METH
2773,GIP-METH,Gene-METH
2774,GIPR-METH,Gene-METH
2775,GK-METH,Gene-METH
2776,GK2-METH,Gene-METH
2777,GLI1-METH,Gene-METH
2778,GLI2-METH,Gene-METH
2779,GLI3-METH,Gene-METH
2780,GLP1R-METH,Gene-METH
2781,GNA11-METH,Gene-METH
2782,GNA12-METH,Gene-METH
2783,GNA13-METH,Gene-METH
2784,GNA14-METH,Gene-METH
2785,GNA15-METH,Gene-METH
2786,GNAI1-METH,Gene-METH
2787,GNAI2-METH,Gene-METH
2788,GNAI3-METH,Gene-METH
2789,GNAL-METH,Gene-METH
2790,GNAO1-METH,Gene-METH
2791,GNAQ-METH,Gene-METH
2792,GNAS-METH,Gene-METH
2793,GNB1-METH,Gene-METH
2794,GNB2-METH,Gene-METH
2795,GNB3-METH,Gene-METH
2796,GNB4-METH,Gene-METH
2797,GNB5-METH,Gene-METH
2798,GNG10-METH,Gene-METH
2799,GNG11-METH,Gene-METH
2800,GNG12-METH,Gene-METH
2801,GNG13-METH,Gene-METH
2802,GNG2-METH,Gene-METH
2803,GNG3-METH,Gene-METH
2804,GNG4-METH,Gene-METH
2805,GNG5-METH,Gene-METH
2806,GNG7-METH,Gene-METH
2807,GNG8-METH,Gene-METH
2808,GNGT1-METH,Gene-METH
2809,GNGT2-METH,Gene-METH
2810,GNRH1-METH,Gene-METH
2811,GNRH2-METH,Gene-METH
2812,GNRHR-METH,Gene-METH
2813,GPC4-METH,Gene-METH
2814,GPR119-METH,Gene-METH
2815,GPR161-METH,Gene-METH
2816,GPRC6A-METH,Gene-METH
2817,GRAP2-METH,Gene-METH
2818,GRB10-METH,Gene-METH
2819,GRB2-METH,Gene-METH
2820,GREM1-METH,Gene-METH
2821,GREM2-METH,Gene-METH
2822,GRIA1-METH,Gene-METH
2823,GRIA2-METH,Gene-METH
2824,GRIA3-METH,Gene-METH
2825,GRIA4-METH,Gene-METH
2826,GRIN1-METH,Gene-METH
2827,GRIN2A-METH,Gene-METH
2828,GRIN2B-METH,Gene-METH
2829,GRIN2C-METH,Gene-METH
2830,GRIN2D-METH,Gene-METH
2831,GRIN3A-METH,Gene-METH
2832,GRIN3B-METH,Gene-METH
2833,GRK1-METH,Gene-METH
2834,GRK4-METH,Gene-METH
2835,GRK5-METH,Gene-METH
2836,GRK6-METH,Gene-METH
2837,GRK7-METH,Gene-METH
2838,GRM1-METH,Gene-METH
2839,GRM2-METH,Gene-METH
2840,GRM3-METH,Gene-METH
2841,GRM4-METH,Gene-METH
2842,GRM5-METH,Gene-METH
2843,GRM6-METH,Gene-METH
2844,GRM7-METH,Gene-METH
2845,GRM8-METH,Gene-METH
2846,GRPR-METH,Gene-METH
2847,GSDMD-METH,Gene-METH
2848,GSK3A-METH,Gene-METH
2849,GSK3B-METH,Gene-METH
2850,GTF2I-METH,Gene-METH
2851,GTF2IRD1-METH,Gene-METH
2852,GTSE1-METH,Gene-METH
2853,GUCY1A2-METH,Gene-METH
2854,GYS1-METH,Gene-METH
2855,GYS2-METH,Gene-METH
2856,HAMP-METH,Gene-METH
2857,HBEGF-METH,Gene-METH
2858,HCAR1-METH,Gene-METH
2859,HCAR2-METH,Gene-METH
2860,HCAR3-METH,Gene-METH
2861,HCK-METH,Gene-METH
2862,HCN2-METH,Gene-METH
2863,HCN4-METH,Gene-METH
2864,HDAC1-METH,Gene-METH
2865,HDAC2-METH,Gene-METH
2866,HDAC3-METH,Gene-METH
2867,HDAC4-METH,Gene-METH
2868,HDAC5-METH,Gene-METH
2869,HES1-METH,Gene-METH
2870,HES5-METH,Gene-METH
2871,HEY1-METH,Gene-METH
2872,HEY2-METH,Gene-METH
2873,HEYL-METH,Gene-METH
2874,HGF-METH,Gene-METH
2875,HHAT-METH,Gene-METH
2876,HHATL-METH,Gene-METH
2877,HHIP-METH,Gene-METH
2878,HIF1A-METH,Gene-METH
2879,HK1-METH,Gene-METH
2880,HK2-METH,Gene-METH
2881,HK3-METH,Gene-METH
2882,HKDC1-METH,Gene-METH
2883,HMGCR-METH,Gene-METH
2884,HMGCS1-METH,Gene-METH
2885,HMGCS2-METH,Gene-METH
2886,HMOX1-METH,Gene-METH
2887,HNF4A-METH,Gene-METH
2888,HOMER1-METH,Gene-METH
2889,HOMER2-METH,Gene-METH
2890,HOMER3-METH,Gene-METH
2891,HRAS-METH,Gene-METH
2892,HRC-METH,Gene-METH
2893,HRH1-METH,Gene-METH
2894,HRH2-METH,Gene-METH
2895,HSP90AA1-METH,Gene-METH
2896,HSP90AB1-METH,Gene-METH
2897,HSPA1A-METH,Gene-METH
2898,HSPA1B-METH,Gene-METH
2899,HSPA1L-METH,Gene-METH
2900,HSPA2-METH,Gene-METH
2901,HSPA6-METH,Gene-METH
2902,HSPA8-METH,Gene-METH
2903,HSPB1-METH,Gene-METH
2904,HTR1A-METH,Gene-METH
2905,HTR1B-METH,Gene-METH
2906,HTR1D-METH,Gene-METH
2907,HTR1E-METH,Gene-METH
2908,HTR1F-METH,Gene-METH
2909,HTR2A-METH,Gene-METH
2910,HTR2B-METH,Gene-METH
2911,HTR2C-METH,Gene-METH
2912,HTR4-METH,Gene-METH
2913,HTR5A-METH,Gene-METH
2914,HTR6-METH,Gene-METH
2915,HTR7-METH,Gene-METH
2916,IBSP-METH,Gene-METH
2917,ICAM1-METH,Gene-METH
2918,ICOS-METH,Gene-METH
2919,ID1-METH,Gene-METH
2920,ID2-METH,Gene-METH
2921,ID3-METH,Gene-METH
2922,ID4-METH,Gene-METH
2923,IFI16-METH,Gene-METH
2924,IFIH1-METH,Gene-METH
2925,IFNA14-METH,Gene-METH
2926,IFNA4-METH,Gene-METH
2927,IFNA7-METH,Gene-METH
2928,IFNA8-METH,Gene-METH
2929,IFNAR1-METH,Gene-METH
2930,IFNAR2-METH,Gene-METH
2931,IFNG-METH,Gene-METH
2932,IFNGR1-METH,Gene-METH
2933,IFNGR2-METH,Gene-METH
2934,IFNK-METH,Gene-METH
2935,IGF1-METH,Gene-METH
2936,IGF1R-METH,Gene-METH
2937,IGF2-METH,Gene-METH
2938,IGFBP3-METH,Gene-METH
2939,IHH-METH,Gene-METH
2940,IKBKB-METH,Gene-METH
2941,IKBKE-METH,Gene-METH
2942,IKBKG-METH,Gene-METH
2943,IL10-METH,Gene-METH
2944,IL10RA-METH,Gene-METH
2945,IL10RB-METH,Gene-METH
2946,IL11-METH,Gene-METH
2947,IL11RA-METH,Gene-METH
2948,IL12A-METH,Gene-METH
2949,IL12B-METH,Gene-METH
2950,IL12RB1-METH,Gene-METH
2951,IL12RB2-METH,Gene-METH
2952,IL13-METH,Gene-METH
2953,IL13RA1-METH,Gene-METH
2954,IL13RA2-METH,Gene-METH
2955,IL15-METH,Gene-METH
2956,IL15RA-METH,Gene-METH
2957,IL17A-METH,Gene-METH
2958,IL17B-METH,Gene-METH
2959,IL17C-METH,Gene-METH
2960,IL17D-METH,Gene-METH
2961,IL17F-METH,Gene-METH
2962,IL17RA-METH,Gene-METH
2963,IL17RB-METH,Gene-METH
2964,IL17RC-METH,Gene-METH
2965,IL17RE-METH,Gene-METH
2966,IL18-METH,Gene-METH
2967,IL19-METH,Gene-METH
2968,IL1A-METH,Gene-METH
2969,IL1B-METH,Gene-METH
2970,IL1R1-METH,Gene-METH
2971,IL1RAP-METH,Gene-METH
2972,IL2-METH,Gene-METH
2973,IL20-METH,Gene-METH
2974,IL20RA-METH,Gene-METH
2975,IL20RB-METH,Gene-METH
2976,IL21-METH,Gene-METH
2977,IL21R-METH,Gene-METH
2978,IL22-METH,Gene-METH
2979,IL22RA1-METH,Gene-METH
2980,IL22RA2-METH,Gene-METH
2981,IL23A-METH,Gene-METH
2982,IL23R-METH,Gene-METH
2983,IL24-METH,Gene-METH
2984,IL25-METH,Gene-METH
2985,IL27RA-METH,Gene-METH
2986,IL2RA-METH,Gene-METH
2987,IL2RB-METH,Gene-METH
2988,IL2RG-METH,Gene-METH
2989,IL3-METH,Gene-METH
2990,IL4-METH,Gene-METH
2991,IL4R-METH,Gene-METH
2992,IL5-METH,Gene-METH
2993,IL5RA-METH,Gene-METH
2994,IL6-METH,Gene-METH
2995,IL6R-METH,Gene-METH
2996,IL6ST-METH,Gene-METH
2997,IL7-METH,Gene-METH
2998,IL7R-METH,Gene-METH
2999,IL9-METH,Gene-METH
3000,ILK-METH,Gene-METH
3001,INHBA-METH,Gene-METH
3002,INHBB-METH,Gene-METH
3003,INHBC-METH,Gene-METH
3004,INHBE-METH,Gene-METH
3005,INPP5A-METH,Gene-METH
3006,INPP5D-METH,Gene-METH
3007,INPPL1-METH,Gene-METH
3008,INS-METH,Gene-METH
3009,INSL3-METH,Gene-METH
3010,INSL5-METH,Gene-METH
3011,INSR-METH,Gene-METH
3012,INVS-METH,Gene-METH
3013,IQCE-METH,Gene-METH
3014,IRAK1-METH,Gene-METH
3015,IRAK2-METH,Gene-METH
3016,IRAK3-METH,Gene-METH
3017,IRAK4-METH,Gene-METH
3018,IRF1-METH,Gene-METH
3019,IRF3-METH,Gene-METH
3020,IRF5-METH,Gene-METH
3021,IRF7-METH,Gene-METH
3022,IRF9-METH,Gene-METH
3023,IRS1-METH,Gene-METH
3024,IRS2-METH,Gene-METH
3025,IRS4-METH,Gene-METH
3026,ISG15-METH,Gene-METH
3027,ITCH-METH,Gene-METH
3028,ITGA1-METH,Gene-METH
3029,ITGA10-METH,Gene-METH
3030,ITGA11-METH,Gene-METH
3031,ITGA2-METH,Gene-METH
3032,ITGA2B-METH,Gene-METH
3033,ITGA3-METH,Gene-METH
3034,ITGA4-METH,Gene-METH
3035,ITGA5-METH,Gene-METH
3036,ITGA6-METH,Gene-METH
3037,ITGA7-METH,Gene-METH
3038,ITGA8-METH,Gene-METH
3039,ITGA9-METH,Gene-METH
3040,ITGAL-METH,Gene-METH
3041,ITGAM-METH,Gene-METH
3042,ITGAV-METH,Gene-METH
3043,ITGB1-METH,Gene-METH
3044,ITGB2-METH,Gene-METH
3045,ITGB3-METH,Gene-METH
3046,ITGB4-METH,Gene-METH
3047,ITGB5-METH,Gene-METH
3048,ITGB6-METH,Gene-METH
3049,ITGB7-METH,Gene-METH
3050,ITGB8-METH,Gene-METH
3051,ITK-METH,Gene-METH
3052,ITPKA-METH,Gene-METH
3053,ITPKB-METH,Gene-METH
3054,ITPKC-METH,Gene-METH
3055,ITPR1-METH,Gene-METH
3056,ITPR2-METH,Gene-METH
3057,ITPR3-METH,Gene-METH
3058,JAG1-METH,Gene-METH
3059,JAG2-METH,Gene-METH
3060,JAK1-METH,Gene-METH
3061,JAK2-METH,Gene-METH
3062,JAK3-METH,Gene-METH
3063,JUN-METH,Gene-METH
3064,JUND-METH,Gene-METH
3065,KAT2A-METH,Gene-METH
3066,KAT2B-METH,Gene-METH
3067,KCNJ12-METH,Gene-METH
3068,KCNJ14-METH,Gene-METH
3069,KCNJ2-METH,Gene-METH
3070,KCNJ3-METH,Gene-METH
3071,KCNJ4-METH,Gene-METH
3072,KCNJ5-METH,Gene-METH
3073,KCNJ6-METH,Gene-METH
3074,KCNJ8-METH,Gene-METH
3075,KCNJ9-METH,Gene-METH
3076,KCNMA1-METH,Gene-METH
3077,KCNMB1-METH,Gene-METH
3078,KCNMB2-METH,Gene-METH
3079,KCNMB3-METH,Gene-METH
3080,KCNMB4-METH,Gene-METH
3081,KCNU1-METH,Gene-METH
3082,KDR-METH,Gene-METH
3083,KIDINS220-METH,Gene-METH
3084,KIF3A-METH,Gene-METH
3085,KIF7-METH,Gene-METH
3086,KIT-METH,Gene-METH
3087,KITLG-METH,Gene-METH
3088,KLF2-METH,Gene-METH
3089,KLF4-METH,Gene-METH
3090,KNG1-METH,Gene-METH
3091,KRAS-METH,Gene-METH
3092,KRIT1-METH,Gene-METH
3093,KRT10-METH,Gene-METH
3094,KRT12-METH,Gene-METH
3095,KRT13-METH,Gene-METH
3096,KRT14-METH,Gene-METH
3097,KRT15-METH,Gene-METH
3098,KRT16-METH,Gene-METH
3099,KRT17-METH,Gene-METH
3100,KRT18-METH,Gene-METH
3101,KRT19-METH,Gene-METH
3102,KRT20-METH,Gene-METH
3103,KRT23-METH,Gene-METH
3104,KRT24-METH,Gene-METH
3105,KRT25-METH,Gene-METH
3106,KRT26-METH,Gene-METH
3107,KRT27-METH,Gene-METH
3108,KRT28-METH,Gene-METH
3109,KRT31-METH,Gene-METH
3110,KRT32-METH,Gene-METH
3111,KRT33A-METH,Gene-METH
3112,KRT33B-METH,Gene-METH
3113,KRT34-METH,Gene-METH
3114,KRT35-METH,Gene-METH
3115,KRT36-METH,Gene-METH
3116,KRT37-METH,Gene-METH
3117,KRT38-METH,Gene-METH
3118,KRT39-METH,Gene-METH
3119,KRT40-METH,Gene-METH
3120,KRT9-METH,Gene-METH
3121,KSR1-METH,Gene-METH
3122,KSR2-METH,Gene-METH
3123,LAMA1-METH,Gene-METH
3124,LAMA2-METH,Gene-METH
3125,LAMA3-METH,Gene-METH
3126,LAMA4-METH,Gene-METH
3127,LAMA5-METH,Gene-METH
3128,LAMB1-METH,Gene-METH
3129,LAMB2-METH,Gene-METH
3130,LAMB3-METH,Gene-METH
3131,LAMB4-METH,Gene-METH
3132,LAMC1-METH,Gene-METH
3133,LAMC2-METH,Gene-METH
3134,LAMC3-METH,Gene-METH
3135,LAMTOR1-METH,Gene-METH
3136,LAMTOR2-METH,Gene-METH
3137,LAMTOR3-METH,Gene-METH
3138,LAT-METH,Gene-METH
3139,LATS1-METH,Gene-METH
3140,LATS2-METH,Gene-METH
3141,LCK-METH,Gene-METH
3142,LCN2-METH,Gene-METH
3143,LCP2-METH,Gene-METH
3144,LDHA-METH,Gene-METH
3145,LDHAL6A-METH,Gene-METH
3146,LDHAL6B-METH,Gene-METH
3147,LDHB-METH,Gene-METH
3148,LDHC-METH,Gene-METH
3149,LEF1-METH,Gene-METH
3150,LEFTY1-METH,Gene-METH
3151,LEFTY2-METH,Gene-METH
3152,LEP-METH,Gene-METH
3153,LEPR-METH,Gene-METH
3154,LFNG-METH,Gene-METH
3155,LGR4-METH,Gene-METH
3156,LGR5-METH,Gene-METH
3157,LGR6-METH,Gene-METH
3158,LHB-METH,Gene-METH
3159,LHCGR-METH,Gene-METH
3160,LIF-METH,Gene-METH
3161,LIFR-METH,Gene-METH
3162,LILRA1-METH,Gene-METH
3163,LILRA2-METH,Gene-METH
3164,LILRA4-METH,Gene-METH
3165,LILRA5-METH,Gene-METH
3166,LILRA6-METH,Gene-METH
3167,LILRB1-METH,Gene-METH
3168,LILRB2-METH,Gene-METH
3169,LILRB3-METH,Gene-METH
3170,LILRB4-METH,Gene-METH
3171,LILRB5-METH,Gene-METH
3172,LIMD1-METH,Gene-METH
3173,LIPE-METH,Gene-METH
3174,LLGL1-METH,Gene-METH
3175,LLGL2-METH,Gene-METH
3176,LPAR1-METH,Gene-METH
3177,LPAR2-METH,Gene-METH
3178,LPAR3-METH,Gene-METH
3179,LPAR4-METH,Gene-METH
3180,LPAR5-METH,Gene-METH
3181,LPAR6-METH,Gene-METH
3182,LPIN1-METH,Gene-METH
3183,LPIN2-METH,Gene-METH
3184,LPIN3-METH,Gene-METH
3185,LPL-METH,Gene-METH
3186,LRP2-METH,Gene-METH
3187,LRP5-METH,Gene-METH
3188,LRP6-METH,Gene-METH
3189,LTA-METH,Gene-METH
3190,LTB-METH,Gene-METH
3191,LTB4R2-METH,Gene-METH
3192,LTBP1-METH,Gene-METH
3193,LTBR-METH,Gene-METH
3194,LY96-METH,Gene-METH
3195,LYN-METH,Gene-METH
3196,MAGED1-METH,Gene-METH
3197,MAGI1-METH,Gene-METH
3198,MAGI2-METH,Gene-METH
3199,MAGI3-METH,Gene-METH
3200,MALT1-METH,Gene-METH
3201,MAML1-METH,Gene-METH
3202,MAML2-METH,Gene-METH
3203,MAML3-METH,Gene-METH
3204,MAP2K1-METH,Gene-METH
3205,MAP2K2-METH,Gene-METH
3206,MAP2K3-METH,Gene-METH
3207,MAP2K4-METH,Gene-METH
3208,MAP2K5-METH,Gene-METH
3209,MAP2K6-METH,Gene-METH
3210,MAP2K7-METH,Gene-METH
3211,MAP3K1-METH,Gene-METH
3212,MAP3K11-METH,Gene-METH
3213,MAP3K12-METH,Gene-METH
3214,MAP3K13-METH,Gene-METH
3215,MAP3K14-METH,Gene-METH
3216,MAP3K2-METH,Gene-METH
3217,MAP3K3-METH,Gene-METH
3218,MAP3K4-METH,Gene-METH
3219,MAP3K5-METH,Gene-METH
3220,MAP3K6-METH,Gene-METH
3221,MAP3K7-METH,Gene-METH
3222,MAP3K8-METH,Gene-METH
3223,MAP4K1-METH,Gene-METH
3224,MAP4K2-METH,Gene-METH
3225,MAP4K3-METH,Gene-METH
3226,MAP4K4-METH,Gene-METH
3227,MAPK1-METH,Gene-METH
3228,MAPK10-METH,Gene-METH
3229,MAPK11-METH,Gene-METH
3230,MAPK12-METH,Gene-METH
3231,MAPK13-METH,Gene-METH
3232,MAPK14-METH,Gene-METH
3233,MAPK15-METH,Gene-METH
3234,MAPK3-METH,Gene-METH
3235,MAPK4-METH,Gene-METH
3236,MAPK6-METH,Gene-METH
3237,MAPK7-METH,Gene-METH
3238,MAPK8-METH,Gene-METH
3239,MAPK8IP1-METH,Gene-METH
3240,MAPK8IP2-METH,Gene-METH
3241,MAPK8IP3-METH,Gene-METH
3242,MAPK9-METH,Gene-METH
3243,MAPKAP1-METH,Gene-METH
3244,MAPKAPK2-METH,Gene-METH
3245,MAPKAPK3-METH,Gene-METH
3246,MAPKAPK5-METH,Gene-METH
3247,MAPT-METH,Gene-METH
3248,MATK-METH,Gene-METH
3249,MAVS-METH,Gene-METH
3250,MAX-METH,Gene-METH
3251,MC2R-METH,Gene-METH
3252,MCL1-METH,Gene-METH
3253,MCOLN1-METH,Gene-METH
3254,MCOLN2-METH,Gene-METH
3255,MCOLN3-METH,Gene-METH
3256,MDM2-METH,Gene-METH
3257,MDM4-METH,Gene-METH
3258,ME1-METH,Gene-METH
3259,ME3-METH,Gene-METH
3260,MECOM-METH,Gene-METH
3261,MED1-METH,Gene-METH
3262,MED12-METH,Gene-METH
3263,MED12L-METH,Gene-METH
3264,MED13-METH,Gene-METH
3265,MED13L-METH,Gene-METH
3266,MED14-METH,Gene-METH
3267,MED16-METH,Gene-METH
3268,MED17-METH,Gene-METH
3269,MED24-METH,Gene-METH
3270,MED27-METH,Gene-METH
3271,MED30-METH,Gene-METH
3272,MED4-METH,Gene-METH
3273,MEF2A-METH,Gene-METH
3274,MEF2B-METH,Gene-METH
3275,MEF2C-METH,Gene-METH
3276,MEF2D-METH,Gene-METH
3277,MEFV-METH,Gene-METH
3278,MEGF8-METH,Gene-METH
3279,MET-METH,Gene-METH
3280,MFN1-METH,Gene-METH
3281,MFN2-METH,Gene-METH
3282,MFNG-METH,Gene-METH
3283,MGRN1-METH,Gene-METH
3284,MIOS-METH,Gene-METH
3285,MKNK1-METH,Gene-METH
3286,MKNK2-METH,Gene-METH
3287,MLKL-METH,Gene-METH
3288,MLST8-METH,Gene-METH
3289,MLYCD-METH,Gene-METH
3290,MMP1-METH,Gene-METH
3291,MMP13-METH,Gene-METH
3292,MMP14-METH,Gene-METH
3293,MMP2-METH,Gene-METH
3294,MMP3-METH,Gene-METH
3295,MMP7-METH,Gene-METH
3296,MMP9-METH,Gene-METH
3297,MOB1A-METH,Gene-METH
3298,MOB1B-METH,Gene-METH
3299,MPL-METH,Gene-METH
3300,MRAS-METH,Gene-METH
3301,MS4A2-METH,Gene-METH
3302,MST1-METH,Gene-METH
3303,MST1R-METH,Gene-METH
3304,MTCP1-METH,Gene-METH
3305,MTOR-METH,Gene-METH
3306,MUC5AC-METH,Gene-METH
3307,MUC5B-METH,Gene-METH
3308,MYB-METH,Gene-METH
3309,MYC-METH,Gene-METH
3310,MYD88-METH,Gene-METH
3311,MYH6-METH,Gene-METH
3312,MYH7-METH,Gene-METH
3313,MYL2-METH,Gene-METH
3314,MYL3-METH,Gene-METH
3315,MYL4-METH,Gene-METH
3316,MYL6-METH,Gene-METH
3317,MYL6B-METH,Gene-METH
3318,MYL9-METH,Gene-METH
3319,MYLK-METH,Gene-METH
3320,MYLK2-METH,Gene-METH
3321,MYLK3-METH,Gene-METH
3322,MYLK4-METH,Gene-METH
3323,NAMPT-METH,Gene-METH
3324,NANOG-METH,Gene-METH
3325,NBL1-METH,Gene-METH
3326,NCK1-METH,Gene-METH
3327,NCK2-METH,Gene-METH
3328,NCOA2-METH,Gene-METH
3329,NCOA3-METH,Gene-METH
3330,NCOR1-METH,Gene-METH
3331,NCOR2-METH,Gene-METH
3332,NCSTN-METH,Gene-METH
3333,NEK7-METH,Gene-METH
3334,NEO1-METH,Gene-METH
3335,NF1-METH,Gene-METH
3336,NF2-METH,Gene-METH
3337,NFATC1-METH,Gene-METH
3338,NFATC2-METH,Gene-METH
3339,NFATC3-METH,Gene-METH
3340,NFATC4-METH,Gene-METH
3341,NFKB1-METH,Gene-METH
3342,NFKB2-METH,Gene-METH
3343,NFKBIA-METH,Gene-METH
3344,NFKBIB-METH,Gene-METH
3345,NFKBIE-METH,Gene-METH
3346,NGF-METH,Gene-METH
3347,NGFR-METH,Gene-METH
3348,NKD1-METH,Gene-METH
3349,NKD2-METH,Gene-METH
3350,NLK-METH,Gene-METH
3351,NLRC4-METH,Gene-METH
3352,NLRP1-METH,Gene-METH
3353,NLRP12-METH,Gene-METH
3354,NLRP3-METH,Gene-METH
3355,NLRP6-METH,Gene-METH
3356,NLRP7-METH,Gene-METH
3357,NLRX1-METH,Gene-METH
3358,NOD1-METH,Gene-METH
3359,NOD2-METH,Gene-METH
3360,NODAL-METH,Gene-METH
3361,NOG-METH,Gene-METH
3362,NOS1-METH,Gene-METH
3363,NOS2-METH,Gene-METH
3364,NOS3-METH,Gene-METH
3365,NOTCH1-METH,Gene-METH
3366,NOTCH2-METH,Gene-METH
3367,NOTCH3-METH,Gene-METH
3368,NOTCH4-METH,Gene-METH
3369,NOTUM-METH,Gene-METH
3370,NOX1-METH,Gene-METH
3371,NOX4-METH,Gene-METH
3372,NPPA-METH,Gene-METH
3373,NPPB-METH,Gene-METH
3374,NPPC-METH,Gene-METH
3375,NPR1-METH,Gene-METH
3376,NPR2-METH,Gene-METH
3377,NPRL2-METH,Gene-METH
3378,NPRL3-METH,Gene-METH
3379,NPY-METH,Gene-METH
3380,NPY1R-METH,Gene-METH
3381,NR1H3-METH,Gene-METH
3382,NR4A1-METH,Gene-METH
3383,NRAS-METH,Gene-METH
3384,NRF1-METH,Gene-METH
3385,NRG1-METH,Gene-METH
3386,NRG2-METH,Gene-METH
3387,NRG3-METH,Gene-METH
3388,NRG4-METH,Gene-METH
3389,NSMAF-METH,Gene-METH
3390,NTF3-METH,Gene-METH
3391,NTF4-METH,Gene-METH
3392,NTRK1-METH,Gene-METH
3393,NTRK2-METH,Gene-METH
3394,NTRK3-METH,Gene-METH
3395,NTSR1-METH,Gene-METH
3396,NUMB-METH,Gene-METH
3397,NUMBL-METH,Gene-METH
3398,OLR1-METH,Gene-METH
3399,OPRD1-METH,Gene-METH
3400,OPRM1-METH,Gene-METH
3401,ORAI1-METH,Gene-METH
3402,ORAI2-METH,Gene-METH
3403,ORAI3-METH,Gene-METH
3404,OSM-METH,Gene-METH
3405,OSMR-METH,Gene-METH
3406,OTUD5-METH,Gene-METH
3407,OXT-METH,Gene-METH
3408,OXTR-METH,Gene-METH
3409,P2RX1-METH,Gene-METH
3410,P2RX2-METH,Gene-METH
3411,P2RX3-METH,Gene-METH
3412,P2RX4-METH,Gene-METH
3413,P2RX5-METH,Gene-METH
3414,P2RX6-METH,Gene-METH
3415,P2RX7-METH,Gene-METH
3416,P2RY1-METH,Gene-METH
3417,PAK1-METH,Gene-METH
3418,PAK2-METH,Gene-METH
3419,PAK3-METH,Gene-METH
3420,PAK4-METH,Gene-METH
3421,PAK6-METH,Gene-METH
3422,PARD3-METH,Gene-METH
3423,PARD6A-METH,Gene-METH
3424,PARD6B-METH,Gene-METH
3425,PARD6G-METH,Gene-METH
3426,PCK1-METH,Gene-METH
3427,PCK2-METH,Gene-METH
3428,PDCD1-METH,Gene-METH
3429,PDE10A-METH,Gene-METH
3430,PDE1A-METH,Gene-METH
3431,PDE1B-METH,Gene-METH
3432,PDE1C-METH,Gene-METH
3433,PDE2A-METH,Gene-METH
3434,PDE3A-METH,Gene-METH
3435,PDE3B-METH,Gene-METH
3436,PDE4A-METH,Gene-METH
3437,PDE4B-METH,Gene-METH
3438,PDE4C-METH,Gene-METH
3439,PDE4D-METH,Gene-METH
3440,PDGFA-METH,Gene-METH
3441,PDGFB-METH,Gene-METH
3442,PDGFC-METH,Gene-METH
3443,PDGFD-METH,Gene-METH
3444,PDGFRA-METH,Gene-METH
3445,PDGFRB-METH,Gene-METH
3446,PDHA1-METH,Gene-METH
3447,PDHA2-METH,Gene-METH
3448,PDHB-METH,Gene-METH
3449,PDK1-METH,Gene-METH
3450,PDPK1-METH,Gene-METH
3451,PERP-METH,Gene-METH
3452,PF4-METH,Gene-METH
3453,PF4V1-METH,Gene-METH
3454,PFKFB1-METH,Gene-METH
3455,PFKFB2-METH,Gene-METH
3456,PFKFB3-METH,Gene-METH
3457,PFKFB4-METH,Gene-METH
3458,PFKL-METH,Gene-METH
3459,PFKM-METH,Gene-METH
3460,PFKP-METH,Gene-METH
3461,PFN1-METH,Gene-METH
3462,PFN2-METH,Gene-METH
3463,PFN3-METH,Gene-METH
3464,PFN4-METH,Gene-METH
3465,PGAM5-METH,Gene-METH
3466,PGF-METH,Gene-METH
3467,PGK1-METH,Gene-METH
3468,PGK2-METH,Gene-METH
3469,PGR-METH,Gene-METH
3470,PHKA1-METH,Gene-METH
3471,PHKA2-METH,Gene-METH
3472,PHKB-METH,Gene-METH
3473,PHKG1-METH,Gene-METH
3474,PHKG2-METH,Gene-METH
3475,PHLPP1-METH,Gene-METH
3476,PHLPP2-METH,Gene-METH
3477,PIAS1-METH,Gene-METH
3478,PIAS2-METH,Gene-METH
3479,PIAS3-METH,Gene-METH
3480,PIAS4-METH,Gene-METH
3481,PIK3AP1-METH,Gene-METH
3482,PIK3C3-METH,Gene-METH
3483,PIK3CA-METH,Gene-METH
3484,PIK3CB-METH,Gene-METH
3485,PIK3CD-METH,Gene-METH
3486,PIK3CG-METH,Gene-METH
3487,PIK3R1-METH,Gene-METH
3488,PIK3R2-METH,Gene-METH
3489,PIK3R3-METH,Gene-METH
3490,PIK3R4-METH,Gene-METH
3491,PIK3R5-METH,Gene-METH
3492,PIK3R6-METH,Gene-METH
3493,PIM1-METH,Gene-METH
3494,PIN1-METH,Gene-METH
3495,PIP5K1A-METH,Gene-METH
3496,PIP5K1B-METH,Gene-METH
3497,PIP5K1C-METH,Gene-METH
3498,PITX2-METH,Gene-METH
3499,PKLR-METH,Gene-METH
3500,PKN1-METH,Gene-METH
3501,PKN2-METH,Gene-METH
3502,PKN3-METH,Gene-METH
3503,PLA1A-METH,Gene-METH
3504,PLA2G12A-METH,Gene-METH
3505,PLA2G12B-METH,Gene-METH
3506,PLA2G1B-METH,Gene-METH
3507,PLA2G2A-METH,Gene-METH
3508,PLA2G2C-METH,Gene-METH
3509,PLA2G2D-METH,Gene-METH
3510,PLA2G2E-METH,Gene-METH
3511,PLA2G2F-METH,Gene-METH
3512,PLA2G3-METH,Gene-METH
3513,PLA2G4A-METH,Gene-METH
3514,PLA2G4B-METH,Gene-METH
3515,PLA2G4C-METH,Gene-METH
3516,PLA2G4D-METH,Gene-METH
3517,PLA2G4E-METH,Gene-METH
3518,PLA2G4F-METH,Gene-METH
3519,PLA2G5-METH,Gene-METH
3520,PLA2G6-METH,Gene-METH
3521,PLAT-METH,Gene-METH
3522,PLAU-METH,Gene-METH
3523,PLCB1-METH,Gene-METH
3524,PLCB2-METH,Gene-METH
3525,PLCB3-METH,Gene-METH
3526,PLCB4-METH,Gene-METH
3527,PLCD1-METH,Gene-METH
3528,PLCD3-METH,Gene-METH
3529,PLCD4-METH,Gene-METH
3530,PLCE1-METH,Gene-METH
3531,PLCG1-METH,Gene-METH
3532,PLCG2-METH,Gene-METH
3533,PLCZ1-METH,Gene-METH
3534,PLD1-METH,Gene-METH
3535,PLD2-METH,Gene-METH
3536,PLIN1-METH,Gene-METH
3537,PLIN2-METH,Gene-METH
3538,PLIN4-METH,Gene-METH
3539,PLIN5-METH,Gene-METH
3540,PLK1-METH,Gene-METH
3541,PLK2-METH,Gene-METH
3542,PLK3-METH,Gene-METH
3543,PLK4-METH,Gene-METH
3544,PLN-METH,Gene-METH
3545,PLTP-METH,Gene-METH
3546,PMAIP1-METH,Gene-METH
3547,POMC-METH,Gene-METH
3548,PORCN-METH,Gene-METH
3549,POU5F1-METH,Gene-METH
3550,POU5F1B-METH,Gene-METH
3551,PPARA-METH,Gene-METH
3552,PPARD-METH,Gene-METH
3553,PPARG-METH,Gene-METH
3554,PPARGC1A-METH,Gene-METH
3555,PPBP-METH,Gene-METH
3556,PPIF-METH,Gene-METH
3557,PPM1A-METH,Gene-METH
3558,PPM1B-METH,Gene-METH
3559,PPM1D-METH,Gene-METH
3560,PPP1CA-METH,Gene-METH
3561,PPP1CB-METH,Gene-METH
3562,PPP1CC-METH,Gene-METH
3563,PPP1R12A-METH,Gene-METH
3564,PPP1R12B-METH,Gene-METH
3565,PPP1R12C-METH,Gene-METH
3566,PPP1R1B-METH,Gene-METH
3567,PPP1R3A-METH,Gene-METH
3568,PPP1R3B-METH,Gene-METH
3569,PPP1R3C-METH,Gene-METH
3570,PPP1R3D-METH,Gene-METH
3571,PPP1R3E-METH,Gene-METH
3572,PPP1R3F-METH,Gene-METH
3573,PPP2CA-METH,Gene-METH
3574,PPP2CB-METH,Gene-METH
3575,PPP2R1A-METH,Gene-METH
3576,PPP2R1B-METH,Gene-METH
3577,PPP2R2A-METH,Gene-METH
3578,PPP2R2B-METH,Gene-METH
3579,PPP2R2C-METH,Gene-METH
3580,PPP2R2D-METH,Gene-METH
3581,PPP2R3A-METH,Gene-METH
3582,PPP2R3C-METH,Gene-METH
3583,PPP2R5A-METH,Gene-METH
3584,PPP2R5B-METH,Gene-METH
3585,PPP2R5C-METH,Gene-METH
3586,PPP2R5D-METH,Gene-METH
3587,PPP2R5E-METH,Gene-METH
3588,PPP3CA-METH,Gene-METH
3589,PPP3CB-METH,Gene-METH
3590,PPP3CC-METH,Gene-METH
3591,PPP3R1-METH,Gene-METH
3592,PPP3R2-METH,Gene-METH
3593,PPP4C-METH,Gene-METH
3594,PPP5C-METH,Gene-METH
3595,PRDM4-METH,Gene-METH
3596,PREX1-METH,Gene-METH
3597,PRICKLE1-METH,Gene-METH
3598,PRICKLE2-METH,Gene-METH
3599,PRICKLE3-METH,Gene-METH
3600,PRICKLE4-METH,Gene-METH
3601,PRKAA1-METH,Gene-METH
3602,PRKAA2-METH,Gene-METH
3603,PRKAB1-METH,Gene-METH
3604,PRKAB2-METH,Gene-METH
3605,PRKACA-METH,Gene-METH
3606,PRKACB-METH,Gene-METH
3607,PRKACG-METH,Gene-METH
3608,PRKAG1-METH,Gene-METH
3609,PRKAG2-METH,Gene-METH
3610,PRKAG3-METH,Gene-METH
3611,PRKAR1A-METH,Gene-METH
3612,PRKAR1B-METH,Gene-METH
3613,PRKAR2A-METH,Gene-METH
3614,PRKAR2B-METH,Gene-METH
3615,PRKCA-METH,Gene-METH
3616,PRKCB-METH,Gene-METH
3617,PRKCD-METH,Gene-METH
3618,PRKCE-METH,Gene-METH
3619,PRKCG-METH,Gene-METH
3620,PRKCI-METH,Gene-METH
3621,PRKCQ-METH,Gene-METH
3622,PRKCZ-METH,Gene-METH
3623,PRKD1-METH,Gene-METH
3624,PRKD2-METH,Gene-METH
3625,PRKD3-METH,Gene-METH
3626,PRKG1-METH,Gene-METH
3627,PRKG2-METH,Gene-METH
3628,PRL-METH,Gene-METH
3629,PRLR-METH,Gene-METH
3630,PRMT1-METH,Gene-METH
3631,PRR5-METH,Gene-METH
3632,PSEN1-METH,Gene-METH
3633,PSEN2-METH,Gene-METH
3634,PSENEN-METH,Gene-METH
3635,PSTPIP1-METH,Gene-METH
3636,PTAFR-METH,Gene-METH
3637,PTCH1-METH,Gene-METH
3638,PTCH2-METH,Gene-METH
3639,PTCRA-METH,Gene-METH
3640,PTEN-METH,Gene-METH
3641,PTGER1-METH,Gene-METH
3642,PTGER2-METH,Gene-METH
3643,PTGER3-METH,Gene-METH
3644,PTGFR-METH,Gene-METH
3645,PTGS2-METH,Gene-METH
3646,PTK2-METH,Gene-METH
3647,PTK2B-METH,Gene-METH
3648,PTPN1-METH,Gene-METH
3649,PTPN11-METH,Gene-METH
3650,PTPN2-METH,Gene-METH
3651,PTPN5-METH,Gene-METH
3652,PTPN6-METH,Gene-METH
3653,PTPN7-METH,Gene-METH
3654,PTPRC-METH,Gene-METH
3655,PTPRF-METH,Gene-METH
3656,PTPRR-METH,Gene-METH
3657,PXN-METH,Gene-METH
3658,PYCARD-METH,Gene-METH
3659,PYDC1-METH,Gene-METH
3660,PYDC2-METH,Gene-METH
3661,PYGB-METH,Gene-METH
3662,PYGL-METH,Gene-METH
3663,PYGM-METH,Gene-METH
3664,RAB10-METH,Gene-METH
3665,RAB11B-METH,Gene-METH
3666,RAB14-METH,Gene-METH
3667,RAB2A-METH,Gene-METH
3668,RAB5A-METH,Gene-METH
3669,RAB5B-METH,Gene-METH
3670,RAB5C-METH,Gene-METH
3671,RAB8A-METH,Gene-METH
3672,RAC1-METH,Gene-METH
3673,RAC2-METH,Gene-METH
3674,RAC3-METH,Gene-METH
3675,RAF1-METH,Gene-METH
3676,RAG1-METH,Gene-METH
3677,RAG2-METH,Gene-METH
3678,RALA-METH,Gene-METH
3679,RALB-METH,Gene-METH
3680,RALBP1-METH,Gene-METH
3681,RALGDS-METH,Gene-METH
3682,RAP1A-METH,Gene-METH
3683,RAP1B-METH,Gene-METH
3684,RAP1GAP-METH,Gene-METH
3685,RAPGEF1-METH,Gene-METH
3686,RAPGEF2-METH,Gene-METH
3687,RAPGEF3-METH,Gene-METH
3688,RAPGEF4-METH,Gene-METH
3689,RAPGEF5-METH,Gene-METH
3690,RAPGEF6-METH,Gene-METH
3691,RARA-METH,Gene-METH
3692,RASA1-METH,Gene-METH
3693,RASA2-METH,Gene-METH
3694,RASA3-METH,Gene-METH
3695,RASA4-METH,Gene-METH
3696,RASA4B-METH,Gene-METH
3697,RASAL1-METH,Gene-METH
3698,RASAL2-METH,Gene-METH
3699,RASAL3-METH,Gene-METH
3700,RASGRF1-METH,Gene-METH
3701,RASGRF2-METH,Gene-METH
3702,RASGRP1-METH,Gene-METH
3703,RASGRP2-METH,Gene-METH
3704,RASGRP3-METH,Gene-METH
3705,RASGRP4-METH,Gene-METH
3706,RASSF1-METH,Gene-METH
3707,RASSF2-METH,Gene-METH
3708,RASSF4-METH,Gene-METH
3709,RASSF5-METH,Gene-METH
3710,RASSF6-METH,Gene-METH
3711,RBCK1-METH,Gene-METH
3712,RBL1-METH,Gene-METH
3713,RBL2-METH,Gene-METH
3714,RBPJ-METH,Gene-METH
3715,RBPJL-METH,Gene-METH
3716,RBX1-METH,Gene-METH
3717,RCAN1-METH,Gene-METH
3718,RCAN2-METH,Gene-METH
3719,RCHY1-METH,Gene-METH
3720,REL-METH,Gene-METH
3721,RELA-METH,Gene-METH
3722,RELB-METH,Gene-METH
3723,RELN-METH,Gene-METH
3724,RET-METH,Gene-METH
3725,RFNG-METH,Gene-METH
3726,RGL1-METH,Gene-METH
3727,RGL2-METH,Gene-METH
3728,RGMA-METH,Gene-METH
3729,RGMB-METH,Gene-METH
3730,RGS14-METH,Gene-METH
3731,RGS2-METH,Gene-METH
3732,RHEB-METH,Gene-METH
3733,RHOA-METH,Gene-METH
3734,RHOQ-METH,Gene-METH
3735,RICTOR-METH,Gene-METH
3736,RIN1-METH,Gene-METH
3737,RIPK1-METH,Gene-METH
3738,RIPK2-METH,Gene-METH
3739,RIPK3-METH,Gene-METH
3740,RLN1-METH,Gene-METH
3741,RLN2-METH,Gene-METH
3742,RLN3-METH,Gene-METH
3743,RNASEL-METH,Gene-METH
3744,RNF125-METH,Gene-METH
3745,RNF152-METH,Gene-METH
3746,RNF31-METH,Gene-METH
3747,RNF43-METH,Gene-METH
3748,ROCK1-METH,Gene-METH
3749,ROCK2-METH,Gene-METH
3750,ROR1-METH,Gene-METH
3751,ROR2-METH,Gene-METH
3752,RPRM-METH,Gene-METH
3753,RPS6-METH,Gene-METH
3754,RPS6KA1-METH,Gene-METH
3755,RPS6KA2-METH,Gene-METH
3756,RPS6KA3-METH,Gene-METH
3757,RPS6KA4-METH,Gene-METH
3758,RPS6KA5-METH,Gene-METH
3759,RPS6KA6-METH,Gene-METH
3760,RPS6KB1-METH,Gene-METH
3761,RPS6KB2-METH,Gene-METH
3762,RPTOR-METH,Gene-METH
3763,RRAGA-METH,Gene-METH
3764,RRAGB-METH,Gene-METH
3765,RRAGC-METH,Gene-METH
3766,RRAGD-METH,Gene-METH
3767,RRAS-METH,Gene-METH
3768,RRAS2-METH,Gene-METH
3769,RRM2-METH,Gene-METH
3770,RRM2B-METH,Gene-METH
3771,RSPO1-METH,Gene-METH
3772,RSPO2-METH,Gene-METH
3773,RSPO3-METH,Gene-METH
3774,RSPO4-METH,Gene-METH
3775,RUVBL1-METH,Gene-METH
3776,RXFP1-METH,Gene-METH
3777,RXFP2-METH,Gene-METH
3778,RXFP3-METH,Gene-METH
3779,RXFP4-METH,Gene-METH
3780,RXRA-METH,Gene-METH
3781,RXRB-METH,Gene-METH
3782,RXRG-METH,Gene-METH
3783,RYK-METH,Gene-METH
3784,RYR1-METH,Gene-METH
3785,RYR2-METH,Gene-METH
3786,RYR3-METH,Gene-METH
3787,S100A7-METH,Gene-METH
3788,S100A7A-METH,Gene-METH
3789,S100A8-METH,Gene-METH
3790,S100A9-METH,Gene-METH
3791,S1PR1-METH,Gene-METH
3792,S1PR2-METH,Gene-METH
3793,S1PR3-METH,Gene-METH
3794,S1PR4-METH,Gene-METH
3795,S1PR5-METH,Gene-METH
3796,SAV1-METH,Gene-METH
3797,SCD-METH,Gene-METH
3798,SCD5-METH,Gene-METH
3799,SCP2-METH,Gene-METH
3800,SCRIB-METH,Gene-METH
3801,SEC13-METH,Gene-METH
3802,SEH1L-METH,Gene-METH
3803,SELE-METH,Gene-METH
3804,SENP2-METH,Gene-METH
3805,SERPINB5-METH,Gene-METH
3806,SERPINE1-METH,Gene-METH
3807,SERPINF1-METH,Gene-METH
3808,SESN1-METH,Gene-METH
3809,SESN2-METH,Gene-METH
3810,SESN3-METH,Gene-METH
3811,SETD7-METH,Gene-METH
3812,SFN-METH,Gene-METH
3813,SFRP1-METH,Gene-METH
3814,SFRP2-METH,Gene-METH
3815,SFRP4-METH,Gene-METH
3816,SFRP5-METH,Gene-METH
3817,SGK1-METH,Gene-METH
3818,SGK2-METH,Gene-METH
3819,SGK3-METH,Gene-METH
3820,SH2B1-METH,Gene-METH
3821,SH2B2-METH,Gene-METH
3822,SH2B3-METH,Gene-METH
3823,SH2D2A-METH,Gene-METH
3824,SHARPIN-METH,Gene-METH
3825,SHC1-METH,Gene-METH
3826,SHC2-METH,Gene-METH
3827,SHC3-METH,Gene-METH
3828,SHC4-METH,Gene-METH
3829,SHH-METH,Gene-METH
3830,SHISA5-METH,Gene-METH
3831,SHOC2-METH,Gene-METH
3832,SIAH1-METH,Gene-METH
3833,SIK1-METH,Gene-METH
3834,SIK2-METH,Gene-METH
3835,SIKE1-METH,Gene-METH
3836,SIN3A-METH,Gene-METH
3837,SIPA1-METH,Gene-METH
3838,SIPA1L1-METH,Gene-METH
3839,SIPA1L2-METH,Gene-METH
3840,SIRT1-METH,Gene-METH
3841,SIVA1-METH,Gene-METH
3842,SKAP1-METH,Gene-METH
3843,SKP1-METH,Gene-METH
3844,SKP2-METH,Gene-METH
3845,SLC25A31-METH,Gene-METH
3846,SLC25A4-METH,Gene-METH
3847,SLC25A5-METH,Gene-METH
3848,SLC27A1-METH,Gene-METH
3849,SLC27A4-METH,Gene-METH
3850,SLC2A1-METH,Gene-METH
3851,SLC2A2-METH,Gene-METH
3852,SLC2A4-METH,Gene-METH
3853,SLC38A9-METH,Gene-METH
3854,SLC3A2-METH,Gene-METH
3855,SLC7A5-METH,Gene-METH
3856,SLC8A1-METH,Gene-METH
3857,SLC8A2-METH,Gene-METH
3858,SLC8A3-METH,Gene-METH
3859,SLC9A1-METH,Gene-METH
3860,SMAD1-METH,Gene-METH
3861,SMAD2-METH,Gene-METH
3862,SMAD3-METH,Gene-METH
3863,SMAD4-METH,Gene-METH
3864,SMAD5-METH,Gene-METH
3865,SMAD6-METH,Gene-METH
3866,SMAD7-METH,Gene-METH
3867,SMAD9-METH,Gene-METH
3868,SMO-METH,Gene-METH
3869,SMPD1-METH,Gene-METH
3870,SMPD2-METH,Gene-METH
3871,SMURF1-METH,Gene-METH
3872,SMURF2-METH,Gene-METH
3873,SNAI2-METH,Gene-METH
3874,SNW1-METH,Gene-METH
3875,SOCS1-METH,Gene-METH
3876,SOCS2-METH,Gene-METH
3877,SOCS3-METH,Gene-METH
3878,SOCS4-METH,Gene-METH
3879,SOCS5-METH,Gene-METH
3880,SOCS6-METH,Gene-METH
3881,SOCS7-METH,Gene-METH
3882,SOD2-METH,Gene-METH
3883,SORBS1-METH,Gene-METH
3884,SORT1-METH,Gene-METH
3885,SOS1-METH,Gene-METH
3886,SOS2-METH,Gene-METH
3887,SOST-METH,Gene-METH
3888,SOX17-METH,Gene-METH
3889,SOX2-METH,Gene-METH
3890,SOX9-METH,Gene-METH
3891,SP1-METH,Gene-METH
3892,SPHK1-METH,Gene-METH
3893,SPHK2-METH,Gene-METH
3894,SPOP-METH,Gene-METH
3895,SPOPL-METH,Gene-METH
3896,SPP1-METH,Gene-METH
3897,SRC-METH,Gene-METH
3898,SREBF1-METH,Gene-METH
3899,SRF-METH,Gene-METH
3900,SRSF1-METH,Gene-METH
3901,SST-METH,Gene-METH
3902,SSTR1-METH,Gene-METH
3903,SSTR2-METH,Gene-METH
3904,SSTR5-METH,Gene-METH
3905,STAM-METH,Gene-METH
3906,STAM2-METH,Gene-METH
3907,STAT1-METH,Gene-METH
3908,STAT2-METH,Gene-METH
3909,STAT3-METH,Gene-METH
3910,STAT4-METH,Gene-METH
3911,STAT5A-METH,Gene-METH
3912,STAT5B-METH,Gene-METH
3913,STAT6-METH,Gene-METH
3914,STEAP3-METH,Gene-METH
3915,STIM1-METH,Gene-METH
3916,STIM2-METH,Gene-METH
3917,STK11-METH,Gene-METH
3918,STK3-METH,Gene-METH
3919,STK4-METH,Gene-METH
3920,STMN1-METH,Gene-METH
3921,STRADA-METH,Gene-METH
3922,STRADB-METH,Gene-METH
3923,SUFU-METH,Gene-METH
3924,SUGT1-METH,Gene-METH
3925,SYK-METH,Gene-METH
3926,SYNGAP1-METH,Gene-METH
3927,TAB1-METH,Gene-METH
3928,TAB2-METH,Gene-METH
3929,TAB3-METH,Gene-METH
3930,TACR1-METH,Gene-METH
3931,TACR2-METH,Gene-METH
3932,TACR3-METH,Gene-METH
3933,TANK-METH,Gene-METH
3934,TAOK1-METH,Gene-METH
3935,TAOK2-METH,Gene-METH
3936,TAOK3-METH,Gene-METH
3937,TBC1D1-METH,Gene-METH
3938,TBC1D4-METH,Gene-METH
3939,TBC1D7-METH,Gene-METH
3940,TBK1-METH,Gene-METH
3941,TBKBP1-METH,Gene-METH
3942,TBL1X-METH,Gene-METH
3943,TBL1XR1-METH,Gene-METH
3944,TBX3-METH,Gene-METH
3945,TBXA2R-METH,Gene-METH
3946,TCF3-METH,Gene-METH
3947,TCF7-METH,Gene-METH
3948,TCF7L1-METH,Gene-METH
3949,TCF7L2-METH,Gene-METH
3950,TCL1A-METH,Gene-METH
3951,TCL1B-METH,Gene-METH
3952,TEAD1-METH,Gene-METH
3953,TEAD2-METH,Gene-METH
3954,TEAD3-METH,Gene-METH
3955,TEAD4-METH,Gene-METH
3956,TEC-METH,Gene-METH
3957,TEK-METH,Gene-METH
3958,TELO2-METH,Gene-METH
3959,TF-METH,Gene-METH
3960,TFAM-METH,Gene-METH
3961,TFDP1-METH,Gene-METH
3962,TFF1-METH,Gene-METH
3963,TFRC-METH,Gene-METH
3964,TGFA-METH,Gene-METH
3965,TGFB1-METH,Gene-METH
3966,TGFB2-METH,Gene-METH
3967,TGFB3-METH,Gene-METH
3968,TGFBR1-METH,Gene-METH
3969,TGFBR2-METH,Gene-METH
3970,TGIF1-METH,Gene-METH
3971,TGIF2-METH,Gene-METH
3972,TH-METH,Gene-METH
3973,THBD-METH,Gene-METH
3974,THBS1-METH,Gene-METH
3975,THBS2-METH,Gene-METH
3976,THBS3-METH,Gene-METH
3977,THBS4-METH,Gene-METH
3978,THEM4-METH,Gene-METH
3979,THPO-METH,Gene-METH
3980,THRA-METH,Gene-METH
3981,THRB-METH,Gene-METH
3982,TIAM1-METH,Gene-METH
3983,TICAM1-METH,Gene-METH
3984,TICAM2-METH,Gene-METH
3985,TIMP1-METH,Gene-METH
3986,TIRAP-METH,Gene-METH
3987,TLE1-METH,Gene-METH
3988,TLE2-METH,Gene-METH
3989,TLE3-METH,Gene-METH
3990,TLE4-METH,Gene-METH
3991,TLE6-METH,Gene-METH
3992,TLN2-METH,Gene-METH
3993,TLR1-METH,Gene-METH
3994,TLR2-METH,Gene-METH
3995,TLR3-METH,Gene-METH
3996,TLR4-METH,Gene-METH
3997,TLR5-METH,Gene-METH
3998,TLR6-METH,Gene-METH
3999,TLR7-METH,Gene-METH
4000,TLR8-METH,Gene-METH
4001,TLR9-METH,Gene-METH
4002,TNC-METH,Gene-METH
4003,TNF-METH,Gene-METH
4004,TNFAIP3-METH,Gene-METH
4005,TNFRSF10A-METH,Gene-METH
4006,TNFRSF10B-METH,Gene-METH
4007,TNFRSF11A-METH,Gene-METH
4008,TNFRSF13C-METH,Gene-METH
4009,TNFRSF1A-METH,Gene-METH
4010,TNFRSF1B-METH,Gene-METH
4011,TNFSF10-METH,Gene-METH
4012,TNFSF11-METH,Gene-METH
4013,TNFSF13B-METH,Gene-METH
4014,TNFSF14-METH,Gene-METH
4015,TNN-METH,Gene-METH
4016,TNNC1-METH,Gene-METH
4017,TNNC2-METH,Gene-METH
4018,TNNI3-METH,Gene-METH
4019,TNR-METH,Gene-METH
4020,TNXB-METH,Gene-METH
4021,TOLLIP-METH,Gene-METH
4022,TP53-METH,Gene-METH
4023,TP53AIP1-METH,Gene-METH
4024,TP53BP1-METH,Gene-METH
4025,TP53BP2-METH,Gene-METH
4026,TP53I3-METH,Gene-METH
4027,TP73-METH,Gene-METH
4028,TPCN1-METH,Gene-METH
4029,TPCN2-METH,Gene-METH
4030,TRADD-METH,Gene-METH
4031,TRAF1-METH,Gene-METH
4032,TRAF2-METH,Gene-METH
4033,TRAF3-METH,Gene-METH
4034,TRAF3IP2-METH,Gene-METH
4035,TRAF4-METH,Gene-METH
4036,TRAF5-METH,Gene-METH
4037,TRAF6-METH,Gene-METH
4038,TRDN-METH,Gene-METH
4039,TRHR-METH,Gene-METH
4040,TRIM25-METH,Gene-METH
4041,TRIP10-METH,Gene-METH
4042,TRIP6-METH,Gene-METH
4043,TRPC6-METH,Gene-METH
4044,TRPM2-METH,Gene-METH
4045,TSC1-METH,Gene-METH
4046,TSC2-METH,Gene-METH
4047,TSHB-METH,Gene-METH
4048,TSHR-METH,Gene-METH
4049,TSLP-METH,Gene-METH
4050,TTI1-METH,Gene-METH
4051,TXN-METH,Gene-METH
4052,TXN2-METH,Gene-METH
4053,TXNIP-METH,Gene-METH
4054,TYK2-METH,Gene-METH
4055,UBC-METH,Gene-METH
4056,UCP1-METH,Gene-METH
4057,ULK1-METH,Gene-METH
4058,ULK2-METH,Gene-METH
4059,USP25-METH,Gene-METH
4060,USP7-METH,Gene-METH
4061,VANGL1-METH,Gene-METH
4062,VANGL2-METH,Gene-METH
4063,VASP-METH,Gene-METH
4064,VAV1-METH,Gene-METH
4065,VAV2-METH,Gene-METH
4066,VAV3-METH,Gene-METH
4067,VCAM1-METH,Gene-METH
4068,VDAC1-METH,Gene-METH
4069,VDAC2-METH,Gene-METH
4070,VDAC3-METH,Gene-METH
4071,VEGFA-METH,Gene-METH
4072,VEGFB-METH,Gene-METH
4073,VEGFC-METH,Gene-METH
4074,VHL-METH,Gene-METH
4075,VIP-METH,Gene-METH
4076,VIPR2-METH,Gene-METH
4077,VTN-METH,Gene-METH
4078,VWF-METH,Gene-METH
4079,WAS-METH,Gene-METH
4080,WDR24-METH,Gene-METH
4081,WDR59-METH,Gene-METH
4082,WIF1-METH,Gene-METH
4083,WNT1-METH,Gene-METH
4084,WNT10A-METH,Gene-METH
4085,WNT10B-METH,Gene-METH
4086,WNT11-METH,Gene-METH
4087,WNT16-METH,Gene-METH
4088,WNT2-METH,Gene-METH
4089,WNT2B-METH,Gene-METH
4090,WNT3-METH,Gene-METH
4091,WNT3A-METH,Gene-METH
4092,WNT4-METH,Gene-METH
4093,WNT5A-METH,Gene-METH
4094,WNT5B-METH,Gene-METH
4095,WNT6-METH,Gene-METH
4096,WNT7A-METH,Gene-METH
4097,WNT7B-METH,Gene-METH
4098,WNT8A-METH,Gene-METH
4099,WNT8B-METH,Gene-METH
4100,WNT9A-METH,Gene-METH
4101,WNT9B-METH,Gene-METH
4102,WTIP-METH,Gene-METH
4103,WWC1-METH,Gene-METH
4104,WWTR1-METH,Gene-METH
4105,XCL1-METH,Gene-METH
4106,XCL2-METH,Gene-METH
4107,XCR1-METH,Gene-METH
4108,XIAP-METH,Gene-METH
4109,YAP1-METH,Gene-METH
4110,YWHAB-METH,Gene-METH
4111,YWHAE-METH,Gene-METH
4112,YWHAG-METH,Gene-METH
4113,YWHAH-METH,Gene-METH
4114,YWHAQ-METH,Gene-METH
4115,YWHAZ-METH,Gene-METH
4116,ZAP70-METH,Gene-METH
4117,ZFYVE16-METH,Gene-METH
4118,ZFYVE9-METH,Gene-METH
4119,ZMAT3-METH,Gene-METH
4120,ZNF274-METH,Gene-METH
4121,ZNRF3-METH,Gene-METH
4122,ARAF-PROT,Gene-PROT
4123,ATM-PROT,Gene-PROT
4124,BAX-PROT,Gene-PROT
4125,BCL2-PROT,Gene-PROT
4126,BCL2A1-PROT,Gene-PROT
4127,BID-PROT,Gene-PROT
4128,BRAF-PROT,Gene-PROT
4129,CDK1-PROT,Gene-PROT
4130,DUSP4-PROT,Gene-PROT
4131,DVL3-PROT,Gene-PROT
4132,EEF2-PROT,Gene-PROT
4133,EEF2K-PROT,Gene-PROT
4134,EGFR-PROT,Gene-PROT
4135,EIF4E-PROT,Gene-PROT
4136,ETS1-PROT,Gene-PROT
4137,FASN-PROT,Gene-PROT
4138,GAB2-PROT,Gene-PROT
4139,GAPDH-PROT,Gene-PROT
4140,IRF1-PROT,Gene-PROT
4141,IRS1-PROT,Gene-PROT
4142,JAK2-PROT,Gene-PROT
4143,LCK-PROT,Gene-PROT
4144,MTOR-PROT,Gene-PROT
4145,NF2-PROT,Gene-PROT
4146,NOTCH1-PROT,Gene-PROT
4147,NRAS-PROT,Gene-PROT
4148,PDK1-PROT,Gene-PROT
4149,PREX1-PROT,Gene-PROT
4150,PTEN-PROT,Gene-PROT
4151,RICTOR-PROT,Gene-PROT
4152,SMAD1-PROT,Gene-PROT
4153,SMAD3-PROT,Gene-PROT
4154,SMAD4-PROT,Gene-PROT
4155,SRC-PROT,Gene-PROT
4156,SYK-PROT,Gene-PROT
4157,TFRC-PROT,Gene-PROT
4158,TSC1-PROT,Gene-PROT
